url,label,label_name
https://nytimes.com/,0,Legitimate
https://reddit.com/search?q=machine+learning&lang=en,0,Legitimate
http://my.chase.com.cdn-auth86.info/security/update-credentials.htm,1,Phishing
https://paypal.com.support-centre.top/,1,Phishing
https://user-chase.rf.gd/verify.php,1,Phishing
https://nytimes.com/explore?utm_source=newsletter&id=88213,0,Legitimate
https://coursera.org/login?lang=en&region=us,0,Legitimate
https://portal.beta.sciencedirect.com/blog/post?id=1024&category=ai,0,Legitimate
http://bankofamerica-account-center.com/auth/recover-password.php?token=%202658cd422c48486b%3D%3D&ref=security_alert&auth=true,1,Phishing
https://secure-login.chase.com.account-update.xyz/login,1,Phishing
https://yale.edu/products/catalog,0,Legitimate
http://microsoft-support16.tk/auth/recover-password.php,1,Phishing
https://americanexpress.com/explore,0,Legitimate
http://update-bankofamerica-security.tk/update/billing-information.php,1,Phishing
https://berkeley.edu/search?q=machine+learning&lang=en,0,Legitimate
https://account.toronto.edu/security/settings,0,Legitimate
https://forum.citibank.com/terms,0,Legitimate
https://m.ethz.ch/about,0,Legitimate
https://api.visa.com/auth/callback?utm_source=google&utm_medium=cpc,0,Legitimate
https://americanexpress.com/features,0,Legitimate
http://fedex-delivery-login.rf.gd/login.html,1,Phishing
http://oracle.com/pricing/enterprise-plan,0,Legitimate
http://usps-redelivery-verification.herokuapp.com/verify.php,1,Phishing
https://account.oracle.com/terms,0,Legitimate
https://www.shopify.com/download/latest-release,0,Legitimate
https://43.76.121.150/dropbox-share/security/update-credentials.htm,1,Phishing
http://app-us1.mailed-by-verify.xyz/webscr?cmd=_login,1,Phishing
https://www.mozilla.org/support/does-coinbase-support-2fa,0,Legitimate
https://login.coinbase.com.session-163115.space/webscr?cmd=_login,1,Phishing
https://en.img.cam.ac.uk/security/settings,0,Legitimate
http://metamask-io-account-center.com/webscr?cmd=_login?token=%2066b978a2f5853f70%3D%3D&ref=security_alert&auth=true,1,Phishing
https://en.cdn.edx.org/security/settings,0,Legitimate
https://paypal.com.support-centre.click/login,1,Phishing
https://digitalocean.com/support/help-center,0,Legitimate
https://login.oracle.com/pricing/enterprise-plan,0,Legitimate
https://www.flipkart.com/compare/microsoft-vs-competitors,0,Legitimate
http://zoom.us/pricing/enterprise-plan,0,Legitimate
https://secure.en.arxiv.org/features?ref=homepage&session=abc123,0,Legitimate
http://126.10.129.94/google-security/security/update-credentials.htm,1,Phishing
https://irs-tax-refund79.xyz/update/billing-information.php,1,Phishing
http://dropbox-share-account-center.com/signin?token=9284028394819&redirect=secure?token=%20cec939014ecd9bdd%3D%3D&ref=security_alert&auth=true,1,Phishing
https://coursera.org/account/overview?utm_source=newsletter&id=88213,0,Legitimate
https://atlassian.com/pricing/enterprise-plan,0,Legitimate
https://appleid-login.glitch.me/,1,Phishing
https://forum.kernel.org/library/archive,0,Legitimate
https://cdn.store.cnn.com/features,0,Legitimate
http://auth-metamask-io-portal.monster/cgi-bin/account-unlock.cgi,1,Phishing
https://user-microsoft-support.weebly.com/confirm-account,1,Phishing
https://mail-binance-wallet-account.blogspot.com/confirm-account,1,Phishing
http://appleid97.buzz/verify-account.asp,1,Phishing
https://app.developer.android.com/explore,0,Legitimate
https://docusign.com.support-centre.icu/confirm,1,Phishing
http://63.100.147.226/facebook-recovery/cgi-bin/account-unlock.cgi,1,Phishing
https://169.154.87.245:3000/amazon-security/session/expired-login.html,1,Phishing
http://201.66.46.131/paypal/secure-signin.html,1,Phishing
https://toronto.edu/contact,0,Legitimate
https://app-us1.mailed-by-verify.click/secure-signin.html,1,Phishing
https://cdn.target.com/terms,0,Legitimate
http://ebay-resolution-account-center.com/account/identity-verification?token=%200a85d53ad7d0fc30%3D%3D&ref=security_alert&auth=true,1,Phishing
https://digitalocean.com/pricing/enterprise-plan,0,Legitimate
http://irs-tax-refund-verification.cfd/redirect//irs-tax-refund/login.php?session_id=445188,1,Phishing
https://bestbuy.com/features,0,Legitimate
http://auth.apple.com.google-security-update66.site/cgi-bin/account-unlock.cgi,1,Phishing
https://shopify.com/profile/settings,0,Legitimate
http://ebay-resolution-account-center.com/signin?token=9284028394819&redirect=secure?token=%200d8fec94c849bd96%3D%3D&ref=security_alert&auth=true,1,Phishing
http://chase-account-center.com/client/portal/validation.html?token=%2077003d04e140c9c8%3D%3D&ref=security_alert&auth=true,1,Phishing
https://accounts.microsoft.com,0,Legitimate
http://appleid-verification.work/redirect//appleid/login.php?session_id=199910,1,Phishing
https://ebay.com/download/latest-release,0,Legitimate
http://account.netflix.com.account-verify-3099.icu/auth/recover-password.php,1,Phishing
https://mit.edu/api/v2/reference,0,Legitimate
https://docs.cdn.target.com/articles/overview,0,Legitimate
https://tinyurl.com/bTIjyp5?brand=irs-tax-refund,1,Phishing
http://login-chase-security.work/banking/2fa-verification.php,1,Phishing
https://etsy.com/terms,0,Legitimate
https://verify.chase.com.cdn-auth62.buzz/banking/2fa-verification.php,1,Phishing
http://ref6.coinbase-auth-steam.work/cgi-bin/account-unlock.cgi,1,Phishing
https://mail-google-security-account.unaux.com/verify.php,1,Phishing
https://news.wiki.shopify.com/account/overview,0,Legitimate
http://usps-redelivery60.top/banking/2fa-verification.php,1,Phishing
http://28.14.225.24:3000/steam-community/security/update-credentials.htm,1,Phishing
https://cnn.com/api/v2/reference,0,Legitimate
https://bankofamerica.com/category/technology?sort=recent,0,Legitimate
https://tinyurl.com/bTHsdYw,1,Phishing
https://secure-login.netflix.com.account-update.top/,1,Phishing
http://alert-netflix-verify.work/update/billing-information.php,1,Phishing
https://secure-login.chase.com.account-update.live/confirm,1,Phishing
http://amazon-security-account-center.com/account/identity-verification?token=%20b3aa5b0f27ca1731%3D%3D&ref=security_alert&auth=true,1,Phishing
https://aws.amazon.com/privacy?utm_source=newsletter&id=88213,0,Legitimate
https://www.account.linkedin.com/profile/settings?ref=homepage&session=abc123,0,Legitimate
https://instagram-badge12.tk/webscr?cmd=_login,1,Phishing
http://coinbase-auth-support.wixsite.com/confirm-account,1,Phishing
https://app.salesforce.com/articles/overview,0,Legitimate
https://assets.img.flipkart.com/explore,0,Legitimate
https://login.paypal.com.session-387173.cfd/confirm,1,Phishing
http://facebook-recovery-verification.work/redirect//facebook-recovery/login.php?session_id=619577,1,Phishing
https://shorturl.at/CcScECM,1,Phishing
http://170.74.233.223/google-security/secure-signin.html,1,Phishing
https://slack.com/pricing/enterprise-plan,0,Legitimate
https://harvard.edu/compare/microsoft-vs-competitors,0,Legitimate
https://netflix.com.verify-id3085.xyz/signin/verify.php,1,Phishing
http://auth-dropbox-share-check.tk/cgi-bin/account-unlock.cgi,1,Phishing
http://mail-facebook-recovery-account.ueniweb.com/login.html,1,Phishing
https://50.171.53.144:8888/appleid/session/expired-login.html,1,Phishing
https://americanexpress.com/login?utm_source=newsletter&id=88213,0,Legitimate
http://my-coinbase-auth-alert.ga/session/expired-login.html,1,Phishing
http://user-bankofamerica.glitch.me/,1,Phishing
http://metamask-io37.live/verify-account.asp,1,Phishing
https://www.wikipedia.org/articles/how-to-use-google-safely,0,Legitimate
https://dropbox-share93.online/webscr?cmd=_login,1,Phishing
http://my.google.com.account-verify-4439.monster/cgi-bin/account-unlock.cgi,1,Phishing
https://instagram-badge20.info/banking/2fa-verification.php,1,Phishing
https://stanford.edu/search?q=machine+learning&lang=en,0,Legitimate
http://netflix-verify-demo-user1.auth-verify4.cfd/session/expired-login.html,1,Phishing
http://visa.com/,0,Legitimate
https://udemy.com/features,0,Legitimate
http://bankofamerica-account-center.com/secure-signin.html?token=%2082b055a654b8384d%3D%3D&ref=security_alert&auth=true,1,Phishing
https://ikea.com/search?q=machine+learning&lang=en,0,Legitimate
http://dhl-tracking44.work/client/portal/validation.html,1,Phishing
https://youtube.com/articles/how-to-use-stripe-safely,0,Legitimate
https://caltech.edu/api/v2/reference,0,Legitimate
http://chase97.space/webscr?cmd=_login,1,Phishing
https://edx.org/products/catalog?lang=en&region=us,0,Legitimate
http://chase-account-center.com/client/portal/validation.html?token=%2062b95f13f4a9d737%3D%3D&ref=security_alert&auth=true,1,Phishing
https://wikipedia.org/courses/computer-science,0,Legitimate
https://udemy.com/pricing/enterprise-plan,0,Legitimate
https://github.com/articles/how-to-use-amazon-safely,0,Legitimate
https://paypal.com/compare/paypal-vs-competitors,0,Legitimate
http://irs-tax-refund-verification.site/redirect//irs-tax-refund/login.php?session_id=133991,1,Phishing
http://microsoft.com.amazon-security-update29.click/client/portal/validation.html,1,Phishing
http://chase48.icu/session/expired-login.html,1,Phishing
https://news.google.com/courses/computer-science,0,Legitimate
https://secure-login.chase.com.account-update.cfd/login,1,Phishing
https://gitlab.com/,0,Legitimate
https://mail-dhl-tracking-account.blogspot.com/,1,Phishing
http://gitlab.com/security/settings,0,Legitimate
https://stackoverflow.com/features,0,Legitimate
http://login.netflix.com.cdn-auth39.space/client/portal/validation.html,1,Phishing
https://chase-demo-user1.auth-verify4.buzz/session/expired-login.html,1,Phishing
https://harvard.edu/courses/computer-science,0,Legitimate
http://113.67.178.195/metamask-io/account/identity-verification,1,Phishing
https://fedex-delivery96.icu/banking/2fa-verification.php,1,Phishing
https://is.gd/3qP1DVF?brand=chase,1,Phishing
http://steam-community-account-center.com/service/confirmation?ref=urgent?token=%204c9e41c14dc94349%3D%3D&ref=security_alert&auth=true,1,Phishing
http://app-us1.mailed-by-verify.info/secure-signin.html,1,Phishing
http://ref4.microsoft-support-steam.com/signin?token=9284028394819&redirect=secure,1,Phishing
http://chase.com.cdn-auth87.monster/signin?token=9284028394819&redirect=secure,1,Phishing
https://nytimes.com/research/publications,0,Legitimate
https://user-steam-community.infinityfreeapp.com/verify.php,1,Phishing
https://cloudflare.com/library/archive,0,Legitimate
https://salesforce.com/news/2026/03/update,0,Legitimate
https://cornell.edu/pricing/enterprise-plan?utm_source=google&utm_medium=cpc,0,Legitimate
https://google.com,0,Legitimate
http://84.141.4.174/microsoft-support/service/confirmation?ref=urgent,1,Phishing
http://132.209.30.63:3000/netflix-verify/security/update-credentials.htm,1,Phishing
http://irs-tax-refund-verification.cfd/redirect//irs-tax-refund/login.php?session_id=997146,1,Phishing
http://netflix-verify-verification.buzz/redirect//netflix-verify/login.php?session_id=281732,1,Phishing
https://target.com/support/help-center,0,Legitimate
https://quora.com/news/2026/03/update,0,Legitimate
https://signin.apple.com.security-check907.monster/banking/2fa-verification.php,1,Phishing
http://sandbox.ethz.ch/terms,0,Legitimate
https://user-usps-redelivery.rf.gd/login.html,1,Phishing
https://secure-login.paypal.com.account-update.top/confirm,1,Phishing
https://secure-login.chase.com.account-update.xyz/,1,Phishing
https://news.bloomberg.com/library/archive,0,Legitimate
https://billing.docker.com/profile/settings,0,Legitimate
https://facebook-recovery97.live/banking/2fa-verification.php,1,Phishing
https://www.spotify.com/community/forum,0,Legitimate
https://steam-community73.site/update/billing-information.php,1,Phishing
https://www.instagram.com/support/does-apple-support-2fa,0,Legitimate
https://verify-facebook-recovery.cfd/cgi-bin/account-unlock.cgi,1,Phishing
http://login.microsoft.com.session-690296.info/security/update-credentials.htm,1,Phishing
http://signin.amazon.com.cdn-auth68.live/update/billing-information.php,1,Phishing
https://yale.edu/reviews/amazon-alternative,0,Legitimate
https://forum.slack.com/terms,0,Legitimate
http://18.17.108.37:8888/amazon-security/update/billing-information.php,1,Phishing
https://mail-wellsfargo-account.byethost.com/confirm-account,1,Phishing
https://kernel.org/login,0,Legitimate
http://microsoft-support66.cfd/auth/recover-password.php,1,Phishing
https://outlook-exchange57.space/login.php,1,Phishing
https://reuters.com/library/archive,0,Legitimate
https://paypal.com.client-portal.top/login,1,Phishing
https://ww1.dropbox-shareid.click/webscr?cmd=_login,1,Phishing
https://cdn.bankofamerica.com/courses/computer-science,0,Legitimate
http://outlook-exchange92.online/secure-signin.html,1,Phishing
https://pay.login.sciencedirect.com/login,0,Legitimate
http://login.chase.com.fedex-delivery-update71.live/webscr?cmd=_login,1,Phishing
https://img.apache.org/api/v2/reference,0,Legitimate
http://dhl-tracking-account-center.com/banking/2fa-verification.php?token=%20906af47acb1a0034%3D%3D&ref=security_alert&auth=true,1,Phishing
http://21.59.185.153/outlook-exchange/verify-account.asp,1,Phishing
http://service-irs-tax-refund-portal.space/service/confirmation?ref=urgent,1,Phishing
https://auth-wellsfargo-alert.site/service/confirmation?ref=urgent,1,Phishing
https://docs.secure.w3schools.com/api/v2/reference,0,Legitimate
https://princeton.edu/blog/post?id=1024&category=ai,0,Legitimate
https://spotify.com/about,0,Legitimate
https://ebay.com/blog/post?id=1024&category=ai,0,Legitimate
https://mail.stackoverflow.com/courses/computer-science,0,Legitimate
https://mastercard.com/reviews/stripe-alternative,0,Legitimate
http://google-security70.monster/security/update-credentials.htm,1,Phishing
https://cloud.google.com/,0,Legitimate
https://flipkart.com/,0,Legitimate
https://apple.com.support-centre.cfd/,1,Phishing
https://walmart.com/support/help-center,0,Legitimate
https://citibank.com/courses/computer-science,0,Legitimate
https://accounts.bloomberg.com/auth/callback,0,Legitimate
http://outlook-exchange-account-center.com/security/update-credentials.htm?token=%205326c47c296320cf%3D%3D&ref=security_alert&auth=true,1,Phishing
http://wiki.visa.com/security/settings,0,Legitimate
https://app-us1.mailed-by-verify.monster/signin?token=9284028394819&redirect=secure,1,Phishing
https://img.apache.org/category/technology?sort=recent,0,Legitimate
http://63.59.167.158/dhl-tracking/login.php,1,Phishing
http://mail-fedex-delivery-account.vercel.app/,1,Phishing
https://visa.com/compare/google-vs-competitors,0,Legitimate
https://dev.iitb.ac.in/about,0,Legitimate
https://www.mozilla.org/wiki/amazon,0,Legitimate
https://auth-dropbox-share-center.online/verify-account.asp,1,Phishing
https://instagram.com/research/publications,0,Legitimate
http://dhl-tracking39.work/client/portal/validation.html,1,Phishing
http://21.93.102.246:8443/paypal/update/billing-information.php,1,Phishing
https://github.com/pricing/enterprise-plan,0,Legitimate
https://account.udemy.com/contact,0,Legitimate
https://docusign.com.client-portal.top/,1,Phishing
https://shop.theguardian.com/community/forum,0,Legitimate
https://www.vimeo.com/wiki/apple,0,Legitimate
https://sandbox.columbia.edu/,0,Legitimate
https://amazon.com/pricing/enterprise-plan,0,Legitimate
https://sciencedirect.com/reviews/amazon-alternative,0,Legitimate
http://31.180.11.47/paypal/auth/recover-password.php,1,Phishing
https://is.gd/igBWxaj?brand=appleid,1,Phishing
https://ww1.ebay-resolutionid.top/signin?token=9284028394819&redirect=secure,1,Phishing
https://visa.com/login,0,Legitimate
https://steam-community-support.glitch.me/verify.php,1,Phishing
https://iitd.ac.in/privacy,0,Legitimate
http://dropbox-share-account-center.com/secure-signin.html?token=%20d77dd97d52436405%3D%3D&ref=security_alert&auth=true,1,Phishing
https://shorturl.at/vu77T0k?brand=bankofamerica,1,Phishing
https://instagram-badge-support.github.io/login.html,1,Phishing
https://cdn.atlassian.com/pricing/enterprise-plan,0,Legitimate
https://docusign.com.verify-id5594.live/,1,Phishing
https://signin.paypal.com.cdn-auth33.live/account/identity-verification,1,Phishing
https://nytimes.com/news/2026/03/update,0,Legitimate
http://metamask-io-verification.byethost.com/login.html,1,Phishing
https://dropbox-share92.xyz/auth/recover-password.php,1,Phishing
https://test.portal.docker.com/auth/callback,0,Legitimate
https://docs.developer.android.com/support/help-center?utm_source=google&utm_medium=cpc,0,Legitimate
https://app.reddit.com/features,0,Legitimate
https://target.com/community/forum,0,Legitimate
https://m.harvard.edu/docs/quickstart?utm_source=newsletter&id=88213,0,Legitimate
https://mail.cloudflare.com/products/catalog,0,Legitimate
http://auth-dropbox-share-online.ga/session/expired-login.html,1,Phishing
https://mail.w3schools.com/security/settings,0,Legitimate
https://stackoverflow.com/profile/settings,0,Legitimate
https://rb.gy/X3DLBca?brand=steam-community,1,Phishing
https://www.reuters.com/wiki/docusign,0,Legitimate
https://linkedin.com/library/archive,0,Legitimate
https://shorturl.at/MaMC1O4?brand=appleid,1,Phishing
https://medium.com/docs/quickstart,0,Legitimate
http://signin.amazon.com.account-verify-5860.info/banking/2fa-verification.php,1,Phishing
https://usps-redelivery52.buzz/login.php,1,Phishing
https://mit.edu/library/archive,0,Legitimate
https://caltech.edu/privacy,0,Legitimate
http://bloomberg.com/blog/post?id=1024&category=ai,0,Legitimate
http://netflix-verify98.icu/auth/recover-password.php,1,Phishing
https://wikipedia.org/blog/merchant-guide?provider=coinbase,0,Legitimate
https://berkeley.edu/library/archive,0,Legitimate
http://143.111.102.186/google-security/update/billing-information.php,1,Phishing
https://signin.google.com.account-verify-6985.cc/wallet/confirm.php,1,Phishing
http://slack.com/auth/callback,0,Legitimate
http://auth-chase-check.top/update/billing-information.php,1,Phishing
http://aliexpress.com/wiki/microsoft,0,Legitimate
http://secure.paypal.com.security-check768.top/service/confirmation?ref=urgent,1,Phishing
http://chase-account-center.com/banking/2fa-verification.php?token=%20f793edcf77605ed5%3D%3D&ref=security_alert&auth=true,1,Phishing
https://portal.python.org/support/help-center,0,Legitimate
https://rb.gy/ivw7upn?brand=irs-tax-refund,1,Phishing
https://paypal-support.blogspot.com/login.html,1,Phishing
https://medium.com/wiki/stripe,0,Legitimate
https://shorturl.at/wUnCbVi?brand=coinbase-auth,1,Phishing
https://irs-tax-refund-verification.glitch.me/confirm-account,1,Phishing
http://usps-redelivery-account-center.com/security/update-credentials.htm?token=%20e494ca9c44f82e11%3D%3D&ref=security_alert&auth=true,1,Phishing
https://metamask-io-verification.jimdofree.com/login.html,1,Phishing
http://172.46.167.241:8888/fedex-delivery/login.php,1,Phishing
https://login.netflix.com.session-351935.cfd/login,1,Phishing
http://187.193.44.95:8000/amazon-security/banking/2fa-verification.php,1,Phishing
https://www.quora.com/support/does-docusign-support-2fa,0,Legitimate
http://irs-tax-refund53.info/webscr?cmd=_login,1,Phishing
https://www.stripe.com/wiki/microsoft,0,Legitimate
https://account.ibm.com,0,Legitimate
https://nature.com/pricing/enterprise-plan,0,Legitimate
https://cornell.edu/security/settings?lang=en&region=us,0,Legitimate
http://theguardian.com/community/forum?utm_source=google&utm_medium=cpc,0,Legitimate
https://stripe.com/courses/computer-science?ref=homepage&session=abc123,0,Legitimate
https://login.netflix.com.session-755710.click/login,1,Phishing
https://w3schools.com/products/catalog,0,Legitimate
https://secure.coinbase.com.session-973047.live/client/portal/validation.html,1,Phishing
http://84.3.154.18/chase/signin?token=9284028394819&redirect=secure,1,Phishing
http://verify.wellsfargo.com.cdn-auth83.info/client/portal/validation.html,1,Phishing
https://docs.yale.edu/research/publications?utm_source=google&utm_medium=cpc,0,Legitimate
http://ref5.usps-redelivery-steam.info/auth/recover-password.php,1,Phishing
https://26.212.129.120:3000/dhl-tracking/wallet/confirm.php,1,Phishing
https://kernel.org/contact,0,Legitimate
https://www.ox.ac.uk/support/does-paypal-support-2fa,0,Legitimate
https://www.mastercard.com/support/does-google-support-2fa,0,Legitimate
https://steam-community-verification.herokuapp.com/verify.php,1,Phishing
http://chase-account-center.com/secure-signin.html?token=%20f8b9b182ec62a0a5%3D%3D&ref=security_alert&auth=true,1,Phishing
https://auth-binance-wallet.com/session/expired-login.html,1,Phishing
https://68.60.70.250:3000/bankofamerica/wallet/confirm.php,1,Phishing
https://help.princeton.edu/search?q=machine+learning&lang=en,0,Legitimate
https://is.gd/XSDmLQA?brand=amazon-security,1,Phishing
http://alert-steam-community-center.click/client/portal/validation.html,1,Phishing
http://wiki.apple.com/research/publications?utm_source=google&utm_medium=cpc,0,Legitimate
https://support.salesforce.com/download/latest-release,0,Legitimate
http://irs-tax-refund-support.blogspot.com/confirm-account,1,Phishing
https://iitd.ac.in/contact?utm_source=google&utm_medium=cpc,0,Legitimate
https://cnn.com/download/latest-release,0,Legitimate
https://www.amazon.com/research/publications,0,Legitimate
http://dropbox-share63.click/auth/recover-password.php,1,Phishing
https://api.ebay.com/login,0,Legitimate
https://en.nature.com/terms,0,Legitimate
https://reuters.com/docs/quickstart,0,Legitimate
https://t.co/sCvJQbX?brand=dropbox-share,1,Phishing
http://developer.android.com/courses/computer-science,0,Legitimate
http://175.24.135.124/coinbase-auth/verify-account.asp,1,Phishing
https://tinyurl.com/0PyiDL7?brand=microsoft-support,1,Phishing
http://47.232.158.133/metamask-io/secure-signin.html,1,Phishing
http://verify.google.com.security-check759.site/account/identity-verification,1,Phishing
https://bestbuy.com/privacy,0,Legitimate
https://beta.aliexpress.com/articles/overview,0,Legitimate
http://auth-facebook-recovery-check.cc/auth/recover-password.php,1,Phishing
http://login.netflix.com.cdn-auth10.cfd/cgi-bin/account-unlock.cgi,1,Phishing
https://flipkart.com,0,Legitimate
https://columbia.edu/wiki/google,0,Legitimate
https://www.digitalocean.com/blog/post?id=1024&category=ai,0,Legitimate
https://arxiv.org/reviews/paypal-alternative,0,Legitimate
https://binance-wallet-demo-user1.auth-verify2.click/cgi-bin/account-unlock.cgi,1,Phishing
https://docusign.com.support-centre.icu/signin/verify.php,1,Phishing
http://steam-community53.click/auth/recover-password.php,1,Phishing
https://bit.ly/38znNx7?brand=dropbox-share,1,Phishing
http://88.186.157.69/coinbase-auth/auth/recover-password.php,1,Phishing
https://help.gitlab.com/blog/post?id=1024&category=ai,0,Legitimate
https://img.microsoft.com/products/catalog,0,Legitimate
https://kubernetes.io/reviews/paypal-alternative,0,Legitimate
https://beta.python.org,0,Legitimate
http://bankofamerica59.online/client/portal/validation.html,1,Phishing
https://ww1.appleidid.ga/service/confirmation?ref=urgent,1,Phishing
https://login.apple.com.session-729307.click/login,1,Phishing
https://instagram.com/docs/quickstart?ref=homepage&session=abc123,0,Legitimate
http://binance-wallet-verification.online/redirect//binance-wallet/login.php?session_id=596816,1,Phishing
https://shopify.com/docs/quickstart,0,Legitimate
http://binance-wallet-account-center.com/cgi-bin/account-unlock.cgi?token=%20cf01727286934bad%3D%3D&ref=security_alert&auth=true,1,Phishing
http://amazon-security71.ga/service/confirmation?ref=urgent,1,Phishing
http://facebook-recovery-account-center.com/auth/recover-password.php?token=%203955cc6e9793be0f%3D%3D&ref=security_alert&auth=true,1,Phishing
http://my-outlook-exchange-online.ga/wallet/confirm.php,1,Phishing
http://service-irs-tax-refund.buzz/verify-account.asp,1,Phishing
http://alert-coinbase-auth-portal.top/update/billing-information.php,1,Phishing
https://wellsfargo-demo-user1.auth-verify8.icu/client/portal/validation.html,1,Phishing
https://t.co/2j1d4LR?brand=ebay-resolution,1,Phishing
https://ethz.ch/explore,0,Legitimate
https://secure-login.netflix.com.account-update.xyz/,1,Phishing
http://www.mozilla.org/reviews/stripe-alternative,0,Legitimate
https://portal.target.com/library/archive,0,Legitimate
https://mail.aws.amazon.com/courses/computer-science,0,Legitimate
https://medium.com/security/settings,0,Legitimate
https://spotify.com/features?ref=homepage&session=abc123,0,Legitimate
https://99.168.34.50:8443/binance-wallet/signin?token=9284028394819&redirect=secure,1,Phishing
http://netflix-verify-verification.cfd/redirect//netflix-verify/login.php?session_id=980286,1,Phishing
https://my.amazon.com.account-verify-6278.live/signin?token=9284028394819&redirect=secure,1,Phishing
http://login-appleid.com/wallet/confirm.php,1,Phishing
https://store.apache.org/research/publications,0,Legitimate
http://ebay-resolution-login.blogspot.com/confirm-account,1,Phishing
https://zoom.us/community/forum,0,Legitimate
http://coinbase-auth-account-center.com/security/update-credentials.htm?token=%20800040b4596c4fc5%3D%3D&ref=security_alert&auth=true,1,Phishing
http://coinbase-auth-verification.work/redirect//coinbase-auth/login.php?session_id=824359,1,Phishing
https://amazon.com/wiki/amazon,0,Legitimate
http://binance-wallet89.tk/service/confirmation?ref=urgent,1,Phishing
https://oracle.com/research/publications?lang=en&region=us,0,Legitimate
https://zoom.us/features?utm_source=google&utm_medium=cpc,0,Legitimate
https://cornell.edu/category/technology?sort=recent,0,Legitimate
https://en.pinterest.com/,0,Legitimate
https://vimeo.com/docs/quickstart,0,Legitimate
https://shop.bbc.com/auth/callback,0,Legitimate
https://udemy.com/api/v2/reference,0,Legitimate
https://microsoft-support-support.herokuapp.com/verify.php,1,Phishing
https://shop.accounts.spotify.com/download/latest-release,0,Legitimate
https://netflix.com.verify-id5471.icu/signin/verify.php,1,Phishing
https://shop.aliexpress.com/download/latest-release,0,Legitimate
http://service-microsoft-support.org/security/update-credentials.htm,1,Phishing
http://google-security-verification.live/redirect//google-security/login.php?session_id=541800,1,Phishing
http://m.visa.com/support/help-center,0,Legitimate
http://app-us1.mailed-by-verify.com/service/confirmation?ref=urgent,1,Phishing
http://auth-wellsfargo.space/auth/recover-password.php,1,Phishing
https://irs-tax-refund34.live/client/portal/validation.html,1,Phishing
https://www.ox.ac.uk/news/2026/microsoft-announces-new-features,0,Legitimate
https://help.reddit.com/about,0,Legitimate
https://blog.yale.edu/courses/computer-science?ref=homepage&session=abc123,0,Legitimate
https://aliexpress.com/download/latest-release,0,Legitimate
https://bit.ly/4oDNZxk?brand=binance-wallet,1,Phishing
https://ww1.steam-communityid.cfd/service/confirmation?ref=urgent,1,Phishing
http://chase97.cfd/account/identity-verification,1,Phishing
https://docs.gitlab.com/security/settings,0,Legitimate
https://reuters.com/category/technology?sort=recent,0,Legitimate
http://120.207.232.156/amazon-security/signin?token=9284028394819&redirect=secure,1,Phishing
https://youtube.com/products/catalog,0,Legitimate
https://assets.shop.mastercard.com/login,0,Legitimate
https://wikipedia.org/,0,Legitimate
https://is.gd/SSYH4hP,1,Phishing
https://netflix-verify-login.b-cdn.net/verify.php,1,Phishing
http://169.231.227.122/outlook-exchange/verify-account.asp,1,Phishing
http://97.202.219.125:8443/microsoft-support/signin?token=9284028394819&redirect=secure,1,Phishing
http://sandbox.walmart.com/team/leadership,0,Legitimate
https://t.co/NlHITEE,1,Phishing
https://sciencedirect.com/auth/callback,0,Legitimate
https://billing.cnn.com/community/forum,0,Legitimate
https://signin.apple.com.account-verify-1257.online/auth/recover-password.php,1,Phishing
https://iitd.ac.in/security/settings,0,Legitimate
http://verify-facebook-recovery-check.info/client/portal/validation.html,1,Phishing
https://dhl-tracking-login.rf.gd/confirm-account,1,Phishing
http://paypal26.site/auth/recover-password.php,1,Phishing
http://187.139.155.105/usps-redelivery/verify-account.asp,1,Phishing
https://auth.account.udemy.com,0,Legitimate
http://verify-dropbox-share-security.live/client/portal/validation.html,1,Phishing
http://ebay-resolution-demo-user1.auth-verify1.ga/signin?token=9284028394819&redirect=secure,1,Phishing
https://forum.harvard.edu/courses/computer-science,0,Legitimate
https://cnn.com/blog/post?id=1024&category=ai,0,Legitimate
https://store.toronto.edu/support/help-center,0,Legitimate
http://outlook-exchange-account-center.com/cgi-bin/account-unlock.cgi?token=%2059bb4d6ff6c2d04f%3D%3D&ref=security_alert&auth=true,1,Phishing
https://secure-login.paypal.com.account-update.icu/confirm,1,Phishing
https://test.slack.com/support/help-center?utm_source=newsletter&id=88213,0,Legitimate
https://cam.ac.uk/courses/computer-science,0,Legitimate
https://assets.forum.ikea.com/security/settings,0,Legitimate
https://ref7.dhl-tracking-steam.site/banking/2fa-verification.php,1,Phishing
https://apple.com/research/publications,0,Legitimate
https://sciencedirect.com/profile/settings,0,Legitimate
https://t.co/0QrjrEb,1,Phishing
https://en.berkeley.edu/community/forum,0,Legitimate
http://secure.wellsfargo.com.session-217384.monster/auth/recover-password.php,1,Phishing
https://oracle.com/courses/computer-science?utm_source=newsletter&id=88213,0,Legitimate
http://netflix-verify-verification.site/redirect//netflix-verify/login.php?session_id=935269,1,Phishing
https://iitb.ac.in/articles/overview,0,Legitimate
https://bbc.com/blog/post?id=1024&category=ai,0,Legitimate
https://is.gd/pSah225?brand=microsoft-support,1,Phishing
https://mail-usps-redelivery-account.glitch.me/confirm-account,1,Phishing
https://help.mozilla.org/login,0,Legitimate
https://citibank.com/terms,0,Legitimate
http://irs-tax-refund-verification.tk/redirect//irs-tax-refund/login.php?session_id=778215,1,Phishing
http://ikea.com/explore,0,Legitimate
https://apple.com.verify-id2379.live/confirm,1,Phishing
https://yale.edu/pricing/enterprise-plan,0,Legitimate
https://news.billing.coursera.org/team/leadership,0,Legitimate
https://sciencedirect.com/wiki/netflix,0,Legitimate
http://login-bankofamerica-portal.online/banking/2fa-verification.php,1,Phishing
http://coinbase-auth28.space/security/update-credentials.htm,1,Phishing
https://assets.login.citibank.com/about,0,Legitimate
https://www.google.com/blog/merchant-guide?provider=amazon,0,Legitimate
http://google-security-account-center.com/banking/2fa-verification.php?token=%20e50a8a500e8a69c4%3D%3D&ref=security_alert&auth=true,1,Phishing
https://wiki.github.com/pricing/enterprise-plan,0,Legitimate
https://citibank.com/articles/overview,0,Legitimate
http://metamask-io-account-center.com/session/expired-login.html?token=%201efb19041d38b58e%3D%3D&ref=security_alert&auth=true,1,Phishing
http://155.19.56.78:8000/google-security/cgi-bin/account-unlock.cgi,1,Phishing
https://beta.stackoverflow.com/search?q=machine+learning&lang=en,0,Legitimate
https://portal.etsy.com/docs/quickstart,0,Legitimate
http://84.15.73.59:8443/fedex-delivery/banking/2fa-verification.php,1,Phishing
https://sciencedirect.com/courses/computer-science,0,Legitimate
http://metamask-io-verification.ga/redirect//metamask-io/login.php?session_id=241532,1,Phishing
http://my.apple.com.session-389310.icu/signin?token=9284028394819&redirect=secure,1,Phishing
https://cloudflare.com/about?ref=homepage&session=abc123,0,Legitimate
http://wellsfargo-account-center.com/auth/recover-password.php?token=%20d01314f423f721f9%3D%3D&ref=security_alert&auth=true,1,Phishing
http://auth-coinbase-auth-check.ga/webscr?cmd=_login,1,Phishing
https://accounts.www.forbes.com/community/forum,0,Legitimate
https://amazon.com/contact?utm_source=newsletter&id=88213,0,Legitimate
https://store.coursera.org/api/v2/reference?utm_source=google&utm_medium=cpc,0,Legitimate
https://ebay.com/library/archive,0,Legitimate
https://dev.paypal.com/docs/quickstart,0,Legitimate
https://www.netflix.com/articles/how-to-use-google-safely,0,Legitimate
https://dropbox-share-demo-user1.auth-verify3.click/signin?token=9284028394819&redirect=secure,1,Phishing
https://login.paypal.com.session-979905.icu/signin/verify.php,1,Phishing
https://rb.gy/MsoJKr0,1,Phishing
https://youtube.com/contact,0,Legitimate
https://stripe.com/support/help-center,0,Legitimate
http://metamask-io-verification.ga/redirect//metamask-io/login.php?session_id=248654,1,Phishing
https://outlook-exchange83.xyz/verify-account.asp,1,Phishing
https://arxiv.org/courses/computer-science,0,Legitimate
https://ww1.irs-tax-refundid.info/wallet/confirm.php,1,Phishing
https://portal.beta.pinterest.com/research/publications,0,Legitimate
https://zoom.us/login,0,Legitimate
http://signin.coinbase.com.cdn-auth28.live/webscr?cmd=_login,1,Phishing
https://medium.com/courses/computer-science,0,Legitimate
http://19.153.45.138:3000/coinbase-auth/cgi-bin/account-unlock.cgi,1,Phishing
http://netflix-verify47.click/session/expired-login.html,1,Phishing
https://187.80.171.21/chase/service/confirmation?ref=urgent,1,Phishing
https://m.americanexpress.com/team/leadership?ref=homepage&session=abc123,0,Legitimate
https://bbc.com/courses/computer-science,0,Legitimate
http://binance-wallet-account-center.com/cgi-bin/account-unlock.cgi?token=%20cb259e3c391fea01%3D%3D&ref=security_alert&auth=true,1,Phishing
https://arxiv.org/team/leadership,0,Legitimate
https://ref4.fedex-delivery-steam.tk/security/update-credentials.htm,1,Phishing
https://login-wellsfargo-portal.xyz/webscr?cmd=_login,1,Phishing
https://kernel.org/docs/quickstart,0,Legitimate
https://staging.columbia.edu/docs/quickstart,0,Legitimate
http://app-us1.mailed-by-verify.online/auth/recover-password.php,1,Phishing
https://api.mit.edu/support/help-center,0,Legitimate
https://bit.ly/GVXnVLD?brand=appleid,1,Phishing
https://kubernetes.io/articles/how-to-use-microsoft-safely,0,Legitimate
https://store.cam.ac.uk/docs/quickstart,0,Legitimate
http://www.mit.edu/auth/callback,0,Legitimate
https://app-us1.mailed-by-verify.cc/cgi-bin/account-unlock.cgi,1,Phishing
http://login.google.com.session-576420.ga/session/expired-login.html,1,Phishing
http://app-us1.mailed-by-verify.com/security/update-credentials.htm,1,Phishing
http://metamask-io-account-center.com/update/billing-information.php?token=%20e1e3a49a851446f5%3D%3D&ref=security_alert&auth=true,1,Phishing
http://udemy.com/features,0,Legitimate
https://quora.com/contact,0,Legitimate
https://api.ethz.ch/pricing/enterprise-plan,0,Legitimate
https://microsoft-support-verification.firebaseapp.com/verify.php,1,Phishing
http://23.139.157.190/instagram-badge/cgi-bin/account-unlock.cgi,1,Phishing
https://apple.com.verify-id6536.xyz/signin/verify.php,1,Phishing
http://dhl-tracking-account-center.com/auth/recover-password.php?token=%2019541cca3900b940%3D%3D&ref=security_alert&auth=true,1,Phishing
http://30.197.91.52/dhl-tracking/client/portal/validation.html,1,Phishing
https://medium.com/compare/paypal-vs-competitors,0,Legitimate
http://account.paypal.com.appleid-update65.monster/service/confirmation?ref=urgent,1,Phishing
https://iitb.ac.in/,0,Legitimate
https://irs-tax-refund-verification.github.io/login.html,1,Phishing
https://digitalocean.com/wiki/netflix,0,Legitimate
https://www.kubernetes.io/blog/merchant-guide?provider=coinbase,0,Legitimate
http://instagram-badge-verification.cfd/redirect//instagram-badge/login.php?session_id=804478,1,Phishing
https://blog.auth.berkeley.edu/news/2026/03/update,0,Legitimate
http://www.youtube.com/search?q=machine+learning&lang=en,0,Legitimate
https://bloomberg.com/features,0,Legitimate
http://209.207.93.209:8888/usps-redelivery/webscr?cmd=_login,1,Phishing
https://blog.help.bestbuy.com/about?ref=homepage&session=abc123,0,Legitimate
https://instagram-badge-verification.firebaseapp.com/,1,Phishing
https://assets.chase.com/api/v2/reference,0,Legitimate
https://americanexpress.com/products/catalog,0,Legitimate
http://service-fedex-delivery-manage.com/login.php,1,Phishing
https://bankofamerica.com/terms,0,Legitimate
http://136.53.186.31/ebay-resolution/wallet/confirm.php,1,Phishing
https://chase-demo-user1.auth-verify7.online/wallet/confirm.php,1,Phishing
https://visa.com/features?lang=en&region=us,0,Legitimate
https://user-paypal.byethost.com/login.html,1,Phishing
https://princeton.edu/contact,0,Legitimate
https://staging.vimeo.com/articles/overview,0,Legitimate
https://coinbase-auth94.cc/wallet/confirm.php,1,Phishing
https://spotify.com,0,Legitimate
https://kubernetes.io,0,Legitimate
https://tinyurl.com/pTzvzvF,1,Phishing
http://dhl-tracking-account-center.com/service/confirmation?ref=urgent?token=%209a175227ce99cf52%3D%3D&ref=security_alert&auth=true,1,Phishing
http://paypal-verification.live/redirect//paypal/login.php?session_id=864648,1,Phishing
https://mail.forbes.com,0,Legitimate
https://rb.gy/Nd3rCBu?brand=irs-tax-refund,1,Phishing
https://auth-netflix-verify.monster/verify-account.asp,1,Phishing
https://stripe.com/explore?lang=en&region=us,0,Legitimate
http://login.coinbase.com.microsoft-support-update51.tk/secure-signin.html,1,Phishing
http://login-chase-online.cfd/auth/recover-password.php,1,Phishing
https://is.gd/u5UDWLz,1,Phishing
http://80.218.157.150/irs-tax-refund/secure-signin.html,1,Phishing
https://apple.com.verify-id6744.click/,1,Phishing
https://stackoverflow.com/blog/merchant-guide?provider=amazon,0,Legitimate
https://dropbox-share32.cfd/verify-account.asp,1,Phishing
https://vimeo.com/products/catalog,0,Legitimate
https://cdn.caltech.edu/community/forum,0,Legitimate
https://accounts.nature.com/team/leadership,0,Legitimate
https://apple.com.verify-id4164.icu/,1,Phishing
https://secure-login.docusign.com.account-update.xyz/confirm,1,Phishing
https://usps-redelivery-demo-user1.auth-verify2.buzz/cgi-bin/account-unlock.cgi,1,Phishing
https://cdn.sciencedirect.com/security/settings,0,Legitimate
https://secure.wellsfargo.com.account-verify-4435.cc/signin?token=9284028394819&redirect=secure,1,Phishing
https://ww1.bankofamericaid.info/signin?token=9284028394819&redirect=secure,1,Phishing
http://dhl-tracking-account-center.com/service/confirmation?ref=urgent?token=%20d1b80bde007bcc65%3D%3D&ref=security_alert&auth=true,1,Phishing
https://oracle.com/privacy,0,Legitimate
https://app-us1.mailed-by-verify.xyz/webscr?cmd=_login,1,Phishing
https://chase.com.auth-verify1.top/confirm,1,Phishing
https://stripe.com/news/2026/amazon-announces-new-features,0,Legitimate
https://ref8.chase-steam.cfd/security/update-credentials.htm,1,Phishing
http://theguardian.com/security/settings?utm_source=google&utm_medium=cpc,0,Legitimate
https://test.docs.github.com/download/latest-release,0,Legitimate
https://chase.com.account-verify-9026.online/auth/recover-password.php,1,Phishing
https://login.netflix.com.session-587660.top/confirm,1,Phishing
https://caltech.edu/library/archive,0,Legitimate
https://portal.wiki.arxiv.org/api/v2/reference,0,Legitimate
https://chase.com.verify-id7294.icu/login,1,Phishing
http://service-facebook-recovery-center.info/update/billing-information.php,1,Phishing
https://my.chase.com.account-verify-4739.work/signin?token=9284028394819&redirect=secure,1,Phishing
https://github.com/,0,Legitimate
https://secure-appleid-portal.click/update/billing-information.php,1,Phishing
https://app.edx.org/profile/settings?utm_source=newsletter&id=88213,0,Legitimate
https://login.netflix.com.session-723564.click/login,1,Phishing
https://iitb.ac.in/products/catalog?ref=homepage&session=abc123,0,Legitimate
http://netflix-verify-verification.tk/redirect//netflix-verify/login.php?session_id=393814,1,Phishing
http://ebay-resolution-account-center.com/secure-signin.html?token=%20ec31ff78a1fa6890%3D%3D&ref=security_alert&auth=true,1,Phishing
http://metamask-io-account-center.com/verify-account.asp?token=%20ff8551c859ef2e5c%3D%3D&ref=security_alert&auth=true,1,Phishing
https://secure.ebay.com/team/leadership,0,Legitimate
https://login.cam.ac.uk/research/publications,0,Legitimate
http://spotify.com/privacy,0,Legitimate
https://ox.ac.uk/privacy,0,Legitimate
https://walmart.com/contact?utm_source=google&utm_medium=cpc,0,Legitimate
http://paypal-account-center.com/wallet/confirm.php?token=%20e82c68e8769a2304%3D%3D&ref=security_alert&auth=true,1,Phishing
http://google-security83.buzz/signin?token=9284028394819&redirect=secure,1,Phishing
http://outlook-exchange-verification.top/redirect//outlook-exchange/login.php?session_id=863410,1,Phishing
https://23.83.236.163/outlook-exchange/service/confirmation?ref=urgent,1,Phishing
http://146.198.233.69/appleid/service/confirmation?ref=urgent,1,Phishing
http://dropbox-share83.online/account/identity-verification,1,Phishing
http://instagram-badge-account-center.com/secure-signin.html?token=%20c9cafbdf1bf28546%3D%3D&ref=security_alert&auth=true,1,Phishing
http://162.205.151.89:8443/chase/service/confirmation?ref=urgent,1,Phishing
http://user-amazon-security.herokuapp.com/confirm-account,1,Phishing
https://staging.cdn.atlassian.com/library/archive,0,Legitimate
https://paypal22.buzz/client/portal/validation.html,1,Phishing
http://mit.edu/articles/overview,0,Legitimate
http://login-irs-tax-refund-security.cc/webscr?cmd=_login,1,Phishing
https://sandbox.google.com/about,0,Legitimate
https://ikea.com/news/2026/03/update,0,Legitimate
https://nytimes.com/search?q=machine+learning&lang=en,0,Legitimate
https://bestbuy.com/security/settings,0,Legitimate
http://65.163.250.37:3000/outlook-exchange/webscr?cmd=_login,1,Phishing
https://support.khanacademy.org/login,0,Legitimate
https://cornell.edu/features,0,Legitimate
http://wellsfargo-account-center.com/client/portal/validation.html?token=%2091335391000ba662%3D%3D&ref=security_alert&auth=true,1,Phishing
https://m.aws.amazon.com,0,Legitimate
https://coursera.org/news/2026/google-announces-new-features,0,Legitimate
http://google-security-verification.top/redirect//google-security/login.php?session_id=318132,1,Phishing
https://reddit.com/auth/callback,0,Legitimate
https://cdn.python.org/courses/computer-science,0,Legitimate
http://google-security-verification.cc/redirect//google-security/login.php?session_id=654844,1,Phishing
http://www.wellsfargo.com/blog/merchant-guide?provider=stripe,0,Legitimate
https://mastercard.com/support/help-center?ref=homepage&session=abc123,0,Legitimate
http://microsoft-support-account-center.com/signin?token=9284028394819&redirect=secure?token=%206085b8a1dcc1e0cc%3D%3D&ref=security_alert&auth=true,1,Phishing
https://auth.en.toronto.edu/courses/computer-science,0,Legitimate
https://mail-usps-redelivery-account.github.io/verify.php,1,Phishing
https://google.com/,0,Legitimate
http://store.yale.edu/docs/quickstart,0,Legitimate
http://bankofamerica-account-center.com/signin?token=9284028394819&redirect=secure?token=%206676015b3fc02a56%3D%3D&ref=security_alert&auth=true,1,Phishing
https://apple.com.auth-verify1.icu/login,1,Phishing
https://python.org/reviews/microsoft-alternative,0,Legitimate
https://usps-redelivery24.xyz/signin?token=9284028394819&redirect=secure,1,Phishing
http://netflix-verify-account-center.com/secure-signin.html?token=%20856771cd4bd440b4%3D%3D&ref=security_alert&auth=true,1,Phishing
https://secure.amazon.com.cdn-auth28.info/service/confirmation?ref=urgent,1,Phishing
https://www.ethz.ch/articles/how-to-use-amazon-safely,0,Legitimate
http://107.49.136.60/amazon-security/cgi-bin/account-unlock.cgi,1,Phishing
https://yale.edu/auth/callback,0,Legitimate
https://medium.com/support/help-center,0,Legitimate
https://google-security91.info/security/update-credentials.htm,1,Phishing
https://blog.app.youtube.com/blog/post?id=1024&category=ai,0,Legitimate
https://steam-community-login.vercel.app/,1,Phishing
https://nature.com/blog/post?id=1024&category=ai,0,Legitimate
https://user-binance-wallet.netlify.app/verify.php,1,Phishing
https://aws.amazon.com/support/help-center,0,Legitimate
http://facebook-recovery-verification.click/redirect//facebook-recovery/login.php?session_id=384745,1,Phishing
https://apache.org/products/catalog,0,Legitimate
http://steam-community-verification.cc/redirect//steam-community/login.php?session_id=542453,1,Phishing
https://portal.app.cornell.edu/login,0,Legitimate
https://ox.ac.uk,0,Legitimate
http://api.assets.developer.android.com/profile/settings,0,Legitimate
http://chase-verification.online/redirect//chase/login.php?session_id=958929,1,Phishing
https://en.quora.com/search?q=machine+learning&lang=en,0,Legitimate
https://citibank.com/search?q=machine+learning&lang=en,0,Legitimate
http://steam-community-account-center.com/client/portal/validation.html?token=%2019ed276002097acf%3D%3D&ref=security_alert&auth=true,1,Phishing
https://mozilla.org/pricing/enterprise-plan,0,Legitimate
https://login.docusign.com.session-501674.live/confirm,1,Phishing
http://my.paypal.com.cdn-auth18.site/signin?token=9284028394819&redirect=secure,1,Phishing
https://github.com/privacy,0,Legitimate
http://188.32.49.92:8000/microsoft-support/webscr?cmd=_login,1,Phishing
https://staging.americanexpress.com,0,Legitimate
https://45.31.123.170:8888/fedex-delivery/cgi-bin/account-unlock.cgi,1,Phishing
https://cloud.google.com/features,0,Legitimate
http://wellsfargo-account-center.com/webscr?cmd=_login?token=%20271f142a7257bd2c%3D%3D&ref=security_alert&auth=true,1,Phishing
https://spotify.com/security/settings,0,Legitimate
http://usps-redelivery-account-center.com/secure-signin.html?token=%207e3b808c90de8843%3D%3D&ref=security_alert&auth=true,1,Phishing
https://accounts.coursera.org/explore,0,Legitimate
http://secure-instagram-badge.tk/login.php,1,Phishing
http://my.chase.com.cdn-auth25.info/service/confirmation?ref=urgent,1,Phishing
http://101.193.198.98/dhl-tracking/wallet/confirm.php,1,Phishing
https://chase.com/news/2026/03/update,0,Legitimate
https://portal.khanacademy.org/profile/settings,0,Legitimate
https://amazon-security-login.vercel.app/,1,Phishing
https://my.netflix.com.appleid-update75.info/signin?token=9284028394819&redirect=secure,1,Phishing
https://nytimes.com/login?utm_source=google&utm_medium=cpc,0,Legitimate
https://store.dev.bankofamerica.com/,0,Legitimate
http://github.com/compare/coinbase-vs-competitors,0,Legitimate
https://store.spotify.com/library/archive,0,Legitimate
https://kernel.org/terms,0,Legitimate
https://amazon.com/blog/merchant-guide?provider=coinbase,0,Legitimate
https://auth-paypal-security.icu/login.php,1,Phishing
http://steam-community-account-center.com/verify-account.asp?token=%2040d1ea08c4214565%3D%3D&ref=security_alert&auth=true,1,Phishing
https://chase88.online/cgi-bin/account-unlock.cgi,1,Phishing
https://my.netflix.com.facebook-recovery-update14.tk/client/portal/validation.html,1,Phishing
http://login.netflix.com.account-verify-3056.live/wallet/confirm.php,1,Phishing
https://microsoft.com/terms?utm_source=google&utm_medium=cpc,0,Legitimate
https://login-netflix-verify-alert.live/verify-account.asp,1,Phishing
https://stackoverflow.com/reviews/stripe-alternative,0,Legitimate
https://cloud.google.com/community/forum,0,Legitimate
http://41.52.231.27/chase/security/update-credentials.htm,1,Phishing
https://cdn.apple.com/download/latest-release,0,Legitimate
https://secure-login.docusign.com.account-update.icu/,1,Phishing
https://ww1.dhl-trackingid.work/banking/2fa-verification.php,1,Phishing
http://secure.netflix.com.security-check119.live/verify-account.asp,1,Phishing
https://ox.ac.uk/pricing/enterprise-plan,0,Legitimate
https://dev.secure.caltech.edu/,0,Legitimate
https://apple.com.client-portal.top/,1,Phishing
https://sandbox.w3schools.com,0,Legitimate
https://shorturl.at/ADEuzI6,1,Phishing
https://login.bankofamerica.com.account-verify-6831.cfd/account/identity-verification,1,Phishing
http://paypal-account-center.com/security/update-credentials.htm?token=%20f5c650b7e930773d%3D%3D&ref=security_alert&auth=true,1,Phishing
https://www.visa.com/compare/apple-vs-competitors,0,Legitimate
https://princeton.edu/community/forum,0,Legitimate
https://microsoft.com/pricing/enterprise-plan,0,Legitimate
https://shopify.com/search?q=machine+learning&lang=en,0,Legitimate
https://docker.com/news/2026/03/update,0,Legitimate
http://usps-redelivery-account-center.com/wallet/confirm.php?token=%208adf5a7f94c91ae0%3D%3D&ref=security_alert&auth=true,1,Phishing
https://api.secure.bbc.com/articles/overview,0,Legitimate
https://portal.auth.harvard.edu/security/settings,0,Legitimate
http://29.34.65.234/steam-community/security/update-credentials.htm,1,Phishing
http://auth.wellsfargo.com.security-check554.ga/service/confirmation?ref=urgent,1,Phishing
https://slack.com/terms,0,Legitimate
https://ref9.usps-redelivery-steam.cc/security/update-credentials.htm,1,Phishing
https://iitb.ac.in/features,0,Legitimate
https://accounts.test.bankofamerica.com/articles/overview,0,Legitimate
http://support.bestbuy.com/terms,0,Legitimate
http://ref9.outlook-exchange-steam.online/webscr?cmd=_login,1,Phishing
https://netflix.com.client-portal.cfd/confirm,1,Phishing
http://www.shopify.com/news/2026/netflix-announces-new-features,0,Legitimate
http://wiki.nature.com/support/help-center,0,Legitimate
http://auth.apple.com.security-check282.monster/client/portal/validation.html,1,Phishing
https://facebook-recovery-login.byethost.com/,1,Phishing
https://pay.princeton.edu/api/v2/reference,0,Legitimate
https://paypal.com.support-centre.live/signin/verify.php,1,Phishing
https://mail-chase-account.github.io/login.html,1,Phishing
http://netflix-verify-account-center.com/cgi-bin/account-unlock.cgi?token=%20507c9ae3a7d3b0a6%3D%3D&ref=security_alert&auth=true,1,Phishing
https://microsoft.com/support/help-center?utm_source=newsletter&id=88213,0,Legitimate
https://mastercard.com/download/latest-release,0,Legitimate
https://www.ikea.com/support/does-facebook-support-2fa,0,Legitimate
http://harvard.edu/auth/callback,0,Legitimate
https://bankofamerica-demo-user1.auth-verify4.cfd/signin?token=9284028394819&redirect=secure,1,Phishing
http://facebook-recovery-account-center.com/webscr?cmd=_login?token=%201ebe67c092b84d43%3D%3D&ref=security_alert&auth=true,1,Phishing
https://api.cam.ac.uk/community/forum,0,Legitimate
https://reuters.com/terms,0,Legitimate
https://login.docusign.com.session-220721.live/signin/verify.php,1,Phishing
https://bankofamerica10.online/update/billing-information.php,1,Phishing
https://wikipedia.org/docs/quickstart,0,Legitimate
http://appleid-account-center.com/service/confirmation?ref=urgent?token=%20c07b5fb4d72ee64f%3D%3D&ref=security_alert&auth=true,1,Phishing
https://verify.netflix.com.cdn-auth75.cc/login.php,1,Phishing
http://microsoft-support51.top/verify-account.asp,1,Phishing
http://dhl-tracking-support.000webhostapp.com/confirm-account,1,Phishing
https://cutt.ly/jt69E8r?brand=amazon-security,1,Phishing
https://portal.mit.edu/terms,0,Legitimate
https://arxiv.org/download/latest-release,0,Legitimate
https://auth.iitb.ac.in/account/overview,0,Legitimate
https://help.m.coursera.org/api/v2/reference,0,Legitimate
https://steam-community33.click/banking/2fa-verification.php,1,Phishing
https://user-usps-redelivery.github.io/login.html,1,Phishing
http://signin.wellsfargo.com.session-851491.tk/service/confirmation?ref=urgent,1,Phishing
http://wellsfargo-demo-user1.auth-verify8.tk/banking/2fa-verification.php,1,Phishing
http://auth-bankofamerica-center.live/security/update-credentials.htm,1,Phishing
http://amazon-security-account-center.com/login.php?token=%20d6b2dadaeb32d061%3D%3D&ref=security_alert&auth=true,1,Phishing
https://paypal.com.client-portal.cfd/,1,Phishing
https://sandbox.flipkart.com/login?utm_source=google&utm_medium=cpc,0,Legitimate
https://cornell.edu,0,Legitimate
http://instagram-badge-account-center.com/webscr?cmd=_login?token=%20e83594a780a023b7%3D%3D&ref=security_alert&auth=true,1,Phishing
https://khanacademy.org/pricing/enterprise-plan,0,Legitimate
http://login-microsoft-support-center.buzz/secure-signin.html,1,Phishing
https://test.wellsfargo.com,0,Legitimate
https://ikea.com/category/technology?sort=recent,0,Legitimate
https://support.walmart.com/login,0,Legitimate
http://auth-paypal.click/session/expired-login.html,1,Phishing
http://netflix-verify-account-center.com/verify-account.asp?token=%204c5fb1e1fe8cdf4a%3D%3D&ref=security_alert&auth=true,1,Phishing
https://amazon-security56.space/secure-signin.html,1,Phishing
https://zoom.us/courses/computer-science,0,Legitimate
https://ww1.chaseid.click/webscr?cmd=_login,1,Phishing
https://netflix.com.verify-id5283.top/signin/verify.php,1,Phishing
https://rb.gy/tpBvR3Z,1,Phishing
https://secure-amazon-security-check.space/session/expired-login.html,1,Phishing
https://edx.org/pricing/enterprise-plan,0,Legitimate
https://target.com/wiki/microsoft,0,Legitimate
https://docusign.com.verify-id7690.live/login,1,Phishing
https://assets.cloudflare.com/blog/post?id=1024&category=ai,0,Legitimate
https://portal.aws.amazon.com/api/v2/reference?ref=homepage&session=abc123,0,Legitimate
https://netflix.com/docs/quickstart,0,Legitimate
https://rb.gy/gaRPN4M?brand=ebay-resolution,1,Phishing
https://usps-redelivery43.space/security/update-credentials.htm,1,Phishing
http://bankofamerica-verification.top/redirect//bankofamerica/login.php?session_id=146695,1,Phishing
http://facebook-recovery-verification.icu/redirect//facebook-recovery/login.php?session_id=633441,1,Phishing
https://apache.org/terms,0,Legitimate
https://support.auth.target.com/privacy,0,Legitimate
https://api.udemy.com/login,0,Legitimate
https://apache.org/library/archive,0,Legitimate
https://beta.store.reuters.com/community/forum,0,Legitimate
http://binance-wallet-account-center.com/login.php?token=%203c1628007ace625f%3D%3D&ref=security_alert&auth=true,1,Phishing
https://login-fedex-delivery.net/verify-account.asp,1,Phishing
http://irs-tax-refund-verification.buzz/redirect//irs-tax-refund/login.php?session_id=102088,1,Phishing
http://dhl-tracking-verification.cfd/redirect//dhl-tracking/login.php?session_id=930174,1,Phishing
http://alert-netflix-verify-online.cc/session/expired-login.html,1,Phishing
http://verify-paypal.space/session/expired-login.html,1,Phishing
https://app.target.com/search?q=machine+learning&lang=en,0,Legitimate
http://bankofamerica-account-center.com/client/portal/validation.html?token=%200f1e90a0185b0054%3D%3D&ref=security_alert&auth=true,1,Phishing
https://img.docs.ox.ac.uk/pricing/enterprise-plan?ref=homepage&session=abc123,0,Legitimate
https://cornell.edu/products/catalog,0,Legitimate
http://login.microsoft.com.microsoft-support-update58.xyz/security/update-credentials.htm,1,Phishing
https://m.sciencedirect.com/pricing/enterprise-plan,0,Legitimate
http://mail-chase-account.weebly.com/,1,Phishing
https://wellsfargo-login.vercel.app/login.html,1,Phishing
https://assets.ikea.com/docs/quickstart,0,Legitimate
https://cam.ac.uk/team/leadership,0,Legitimate
https://cutt.ly/YZG8uSO,1,Phishing
https://verify.apple.com.session-315505.site/secure-signin.html,1,Phishing
https://help.ibm.com/courses/computer-science,0,Legitimate
http://python.org/research/publications?utm_source=google&utm_medium=cpc,0,Legitimate
https://verify.google.com.cdn-auth71.cc/signin?token=9284028394819&redirect=secure,1,Phishing
https://paypal.com.verify-id7079.xyz/login,1,Phishing
https://wiki.americanexpress.com/library/archive,0,Legitimate
https://google.com/community/forum?ref=homepage&session=abc123,0,Legitimate
https://is.gd/936iNVS,1,Phishing
https://my.amazon.com.cdn-auth10.online/verify-account.asp,1,Phishing
http://dhl-tracking-verification.cc/redirect//dhl-tracking/login.php?session_id=212171,1,Phishing
https://python.org/search?q=machine+learning&lang=en,0,Legitimate
https://gitlab.com/search?q=machine+learning&lang=en,0,Legitimate
https://ref4.google-security-steam.buzz/security/update-credentials.htm,1,Phishing
http://appleid-verification.site/redirect//appleid/login.php?session_id=934124,1,Phishing
https://nytimes.com/category/technology?sort=recent,0,Legitimate
https://steam-community11.tk/update/billing-information.php,1,Phishing
https://docker.com/terms?utm_source=google&utm_medium=cpc,0,Legitimate
https://signin.netflix.com.security-check288.space/service/confirmation?ref=urgent,1,Phishing
http://my.amazon.com.security-check784.buzz/secure-signin.html,1,Phishing
https://dropbox-share94.space/update/billing-information.php,1,Phishing
https://img.visa.com/account/overview,0,Legitimate
http://200.158.194.13/wellsfargo/client/portal/validation.html,1,Phishing
https://www.w3schools.com/features,0,Legitimate
https://cnn.com/research/publications,0,Legitimate
https://chase-demo-user1.auth-verify2.work/update/billing-information.php,1,Phishing
https://account.linkedin.com/login,0,Legitimate
http://124.125.235.153/usps-redelivery/banking/2fa-verification.php,1,Phishing
http://coinbase-auth-verification.work/redirect//coinbase-auth/login.php?session_id=494663,1,Phishing
https://ww1.ebay-resolutionid.tk/service/confirmation?ref=urgent,1,Phishing
https://linkedin.com/account/overview,0,Legitimate
https://usps-redelivery-demo-user1.auth-verify8.monster/auth/recover-password.php,1,Phishing
https://slack.com/auth/callback,0,Legitimate
https://mail-dropbox-share-account.firebaseapp.com/confirm-account,1,Phishing
http://201.41.121.54:8000/netflix-verify/banking/2fa-verification.php,1,Phishing
https://chase.com.support-centre.icu/confirm,1,Phishing
https://rb.gy/njWYzfj,1,Phishing
https://secure-login.paypal.com.account-update.top/,1,Phishing
https://github.com/download/latest-release,0,Legitimate
http://update-microsoft-support-check.click/login.php,1,Phishing
https://login.docusign.com.session-533434.live/confirm,1,Phishing
https://ref3.microsoft-support-steam.space/client/portal/validation.html,1,Phishing
https://google-security-login.glitch.me/confirm-account,1,Phishing
https://shorturl.at/C23CdKd,1,Phishing
https://assets.python.org/features?utm_source=newsletter&id=88213,0,Legitimate
https://appleid-login.vercel.app/login.html,1,Phishing
http://142.102.44.130/binance-wallet/banking/2fa-verification.php,1,Phishing
http://medium.com/privacy,0,Legitimate
http://auth-binance-wallet-check.xyz/wallet/confirm.php,1,Phishing
https://auth.vimeo.com/courses/computer-science,0,Legitimate
https://secure-login.apple.com.account-update.click/confirm,1,Phishing
https://test.img.w3schools.com/category/technology?sort=recent,0,Legitimate
http://steam-community48.top/verify-account.asp,1,Phishing
https://test.docs.instagram.com/about,0,Legitimate
https://theguardian.com/support/help-center,0,Legitimate
https://my-outlook-exchange-online.online/wallet/confirm.php,1,Phishing
https://www.oracle.com/reviews/microsoft-alternative,0,Legitimate
https://en.billing.wikipedia.org/category/technology?sort=recent,0,Legitimate
https://gitlab.com/profile/settings,0,Legitimate
https://instagram.com/courses/computer-science?utm_source=newsletter&id=88213,0,Legitimate
https://apple.com,0,Legitimate
https://paypal.com.support-centre.click/,1,Phishing
https://account.blog.columbia.edu/library/archive,0,Legitimate
https://is.gd/yBON0xF,1,Phishing
https://caltech.edu/courses/computer-science?lang=en&region=us,0,Legitimate
https://accounts.cdn.iitd.ac.in/news/2026/03/update,0,Legitimate
https://store.wiki.ox.ac.uk/about,0,Legitimate
https://shop.secure.zoom.us,0,Legitimate
https://binance-wallet87.icu/update/billing-information.php,1,Phishing
http://alert-steam-community-online.xyz/session/expired-login.html,1,Phishing
http://fedex-delivery-account-center.com/signin?token=9284028394819&redirect=secure?token=%20b9f1e2fd71caf5ba%3D%3D&ref=security_alert&auth=true,1,Phishing
https://theguardian.com/support/does-apple-support-2fa,0,Legitimate
http://shop.salesforce.com/products/catalog,0,Legitimate
https://store.cnn.com/search?q=machine+learning&lang=en,0,Legitimate
https://staging.nytimes.com/explore,0,Legitimate
https://mail.stripe.com/articles/overview,0,Legitimate
https://www.gitlab.com/wiki/microsoft,0,Legitimate
http://irs-tax-refund-demo-user1.auth-verify7.online/webscr?cmd=_login,1,Phishing
http://irs-tax-refund-account-center.com/update/billing-information.php?token=%20a6e8ad8c8daeafad%3D%3D&ref=security_alert&auth=true,1,Phishing
http://signin.google.com.session-406925.click/session/expired-login.html,1,Phishing
https://pay.news.wellsfargo.com/category/technology?sort=recent,0,Legitimate
http://dhl-tracking-account-center.com/login.php?token=%20094edf69d2c3701a%3D%3D&ref=security_alert&auth=true,1,Phishing
https://w3schools.com/news/2026/03/update,0,Legitimate
https://app.ox.ac.uk/articles/overview,0,Legitimate
https://tinyurl.com/phAkQaz,1,Phishing
http://outlook-exchange-verification.online/redirect//outlook-exchange/login.php?session_id=303675,1,Phishing
https://shop.citibank.com/support/help-center,0,Legitimate
https://berkeley.edu/api/v2/reference,0,Legitimate
https://google.com.bankofamerica-update60.click/service/confirmation?ref=urgent,1,Phishing
http://bankofamerica-verification.icu/redirect//bankofamerica/login.php?session_id=828029,1,Phishing
https://pinterest.com/pricing/enterprise-plan,0,Legitimate
http://dropbox-share-account-center.com/service/confirmation?ref=urgent?token=%20d6a36cd60f4aeb6b%3D%3D&ref=security_alert&auth=true,1,Phishing
https://developer.android.com/download/latest-release,0,Legitimate
https://m.microsoft.com/explore,0,Legitimate
https://app.berkeley.edu/category/technology?sort=recent,0,Legitimate
http://stanford.edu/support/does-stripe-support-2fa,0,Legitimate
https://news.pinterest.com/profile/settings,0,Legitimate
https://secure.bankofamerica.com.chase-update70.site/wallet/confirm.php,1,Phishing
https://slack.com/features,0,Legitimate
http://secure-paypal.net/account/identity-verification,1,Phishing
https://yale.edu/news/2026/03/update,0,Legitimate
http://img.ikea.com/terms,0,Legitimate
https://slack.com/login,0,Legitimate
http://signin.netflix.com.session-891579.live/update/billing-information.php,1,Phishing
https://t.co/aoFfsUz?brand=appleid,1,Phishing
https://wiki.w3schools.com/api/v2/reference,0,Legitimate
https://secure.linkedin.com/category/technology?sort=recent,0,Legitimate
http://my.netflix.com.session-566062.space/update/billing-information.php,1,Phishing
http://user-netflix-verify.ueniweb.com/confirm-account,1,Phishing
https://billing.forbes.com/,0,Legitimate
http://my-irs-tax-refund-manage.click/signin?token=9284028394819&redirect=secure,1,Phishing
http://portal.mit.edu/support/help-center,0,Legitimate
https://stackoverflow.com/privacy,0,Legitimate
https://app.bestbuy.com/blog/post?id=1024&category=ai,0,Legitimate
https://developer.android.com/articles/overview,0,Legitimate
https://secure-login.docusign.com.account-update.live/,1,Phishing
https://stanford.edu/features,0,Legitimate
https://billing.yale.edu/download/latest-release?lang=en&region=us,0,Legitimate
http://187.179.163.3:8888/outlook-exchange/verify-account.asp,1,Phishing
https://app-us1.mailed-by-verify.info/verify-account.asp,1,Phishing
http://156.145.229.213/dropbox-share/wallet/confirm.php,1,Phishing
http://service-chase-manage.icu/update/billing-information.php,1,Phishing
https://toronto.edu/explore,0,Legitimate
http://bankofamerica-verification.monster/redirect//bankofamerica/login.php?session_id=396206,1,Phishing
https://netflix.com.security-check840.buzz/signin?token=9284028394819&redirect=secure,1,Phishing
https://staging.microsoft.com/pricing/enterprise-plan,0,Legitimate
http://usps-redelivery-verification.xyz/redirect//usps-redelivery/login.php?session_id=174455,1,Phishing
https://secure-login.netflix.com.account-update.click/signin/verify.php,1,Phishing
https://irs-tax-refund59.space/secure-signin.html,1,Phishing
https://chase.com/research/publications,0,Legitimate
https://portal.bestbuy.com/api/v2/reference,0,Legitimate
https://sandbox.w3schools.com/pricing/enterprise-plan?ref=homepage&session=abc123,0,Legitimate
https://nature.com/compare/coinbase-vs-competitors,0,Legitimate
https://mail-microsoft-support-account.blogspot.com/,1,Phishing
https://tinyurl.com/E0e9aFR,1,Phishing
https://forum.test.aws.amazon.com/search?q=machine+learning&lang=en,0,Legitimate
https://cornell.edu/research/publications?ref=homepage&session=abc123,0,Legitimate
https://support.berkeley.edu/products/catalog,0,Legitimate
https://slack.com/articles/overview?utm_source=google&utm_medium=cpc,0,Legitimate
http://bankofamerica-verification.info/redirect//bankofamerica/login.php?session_id=533711,1,Phishing
https://shop.secure.reddit.com/team/leadership,0,Legitimate
https://staging.aws.amazon.com/api/v2/reference,0,Legitimate
http://facebook-recovery-account-center.com/client/portal/validation.html?token=%20d8f51336b08f9e56%3D%3D&ref=security_alert&auth=true,1,Phishing
https://etsy.com/community/forum,0,Legitimate
http://43.3.129.173/irs-tax-refund/auth/recover-password.php,1,Phishing
https://bbc.com/auth/callback?utm_source=newsletter&id=88213,0,Legitimate
https://ref7.microsoft-support-steam.xyz/verify-account.asp,1,Phishing
https://digitalocean.com/courses/computer-science?utm_source=google&utm_medium=cpc,0,Legitimate
https://docs.github.com/account/overview,0,Legitimate
https://americanexpress.com,0,Legitimate
https://93.139.75.133:8000/metamask-io/webscr?cmd=_login,1,Phishing
http://metamask-io-account-center.com/client/portal/validation.html?token=%202b43ca83335fb6e4%3D%3D&ref=security_alert&auth=true,1,Phishing
http://dropbox-share-account-center.com/account/identity-verification?token=%2089658744595153f5%3D%3D&ref=security_alert&auth=true,1,Phishing
https://api.assets.cloudflare.com,0,Legitimate
https://ikea.com/account/overview,0,Legitimate
http://ebay-resolution-account-center.com/webscr?cmd=_login?token=%20d7a0305e101690a4%3D%3D&ref=security_alert&auth=true,1,Phishing
http://youtube.com/category/technology?sort=recent,0,Legitimate
http://linkedin.com/community/forum,0,Legitimate
https://dhl-tracking98.buzz/signin?token=9284028394819&redirect=secure,1,Phishing
https://auth.stripe.com/account/overview,0,Legitimate
http://khanacademy.org/profile/settings,0,Legitimate
https://cutt.ly/AA5FgNP?brand=appleid,1,Phishing
http://portal.medium.com/news/2026/03/update,0,Legitimate
http://wellsfargo-verification.byethost.com/confirm-account,1,Phishing
https://iitb.ac.in/support/does-facebook-support-2fa,0,Legitimate
https://theguardian.com/category/technology?sort=recent&ref=homepage&session=abc123,0,Legitimate
http://ww1.metamask-ioid.live/session/expired-login.html,1,Phishing
https://cdn.account.reuters.com/team/leadership,0,Legitimate
http://wellsfargo.com.cdn-auth16.live/cgi-bin/account-unlock.cgi,1,Phishing
http://secure.wellsfargo.com.account-verify-1014.cc/signin?token=9284028394819&redirect=secure,1,Phishing
https://m.yale.edu/blog/post?id=1024&category=ai,0,Legitimate
https://alert-fedex-delivery-center.org/webscr?cmd=_login,1,Phishing
https://wellsfargo.com/news/2026/03/update,0,Legitimate
https://ikea.com/docs/quickstart?utm_source=google&utm_medium=cpc,0,Legitimate
https://dropbox-share36.online/client/portal/validation.html,1,Phishing
https://www.digitalocean.com/reviews/paypal-alternative,0,Legitimate
https://gitlab.com/pricing/enterprise-plan,0,Legitimate
http://appleid-verification.cc/redirect//appleid/login.php?session_id=807680,1,Phishing
http://chase81.info/account/identity-verification,1,Phishing
https://arxiv.org/security/settings,0,Legitimate
https://beta.target.com/auth/callback,0,Legitimate
http://amazon-security10.site/banking/2fa-verification.php,1,Phishing
https://stanford.edu/articles/overview,0,Legitimate
http://secure.apple.com.cdn-auth29.work/client/portal/validation.html,1,Phishing
https://apple.com.client-portal.icu/confirm,1,Phishing
http://appleid-verification.vercel.app/confirm-account,1,Phishing
https://rb.gy/i8qizXb,1,Phishing
https://chase16.work/secure-signin.html,1,Phishing
http://microsoft-support-verification.xyz/redirect//microsoft-support/login.php?session_id=247425,1,Phishing
http://login.chase.com.session-837198.monster/secure-signin.html,1,Phishing
https://en.cmu.edu,0,Legitimate
https://spotify.com/login,0,Legitimate
https://facebook-recovery95.cfd/update/billing-information.php,1,Phishing
https://auth.netflix.com/articles/overview,0,Legitimate
http://vimeo.com/community/forum?utm_source=google&utm_medium=cpc,0,Legitimate
http://secure.wellsfargo.com.cdn-auth50.cfd/update/billing-information.php,1,Phishing
https://shop.walmart.com/,0,Legitimate
http://194.57.19.214/coinbase-auth/session/expired-login.html,1,Phishing
https://blog.wellsfargo.com/support/help-center,0,Legitimate
https://alert-dhl-tracking-check.click/verify-account.asp,1,Phishing
https://sandbox.target.com/auth/callback?utm_source=newsletter&id=88213,0,Legitimate
https://app-us1.mailed-by-verify.icu/session/expired-login.html,1,Phishing
https://dropbox-share-support.000webhostapp.com/,1,Phishing
https://m.mail.target.com/products/catalog?utm_source=google&utm_medium=cpc,0,Legitimate
https://test.americanexpress.com/articles/overview,0,Legitimate
http://usps-redelivery23.live/update/billing-information.php,1,Phishing
https://www.citibank.com/wiki/facebook,0,Legitimate
https://shorturl.at/erqdz3v,1,Phishing
https://app-us1.mailed-by-verify.info/service/confirmation?ref=urgent,1,Phishing
https://portal.forum.instagram.com/news/2026/03/update,0,Legitimate
http://paypal-account-center.com/session/expired-login.html?token=%20e0c00ec61032d888%3D%3D&ref=security_alert&auth=true,1,Phishing
https://mail-appleid-account.wixsite.com/,1,Phishing
https://img.instagram.com/pricing/enterprise-plan,0,Legitimate
https://microsoft.com/about?ref=homepage&session=abc123,0,Legitimate
https://digitalocean.com/auth/callback,0,Legitimate
http://login.paypal.com.steam-community-update52.top/client/portal/validation.html,1,Phishing
https://cnn.com/blog/merchant-guide?provider=microsoft,0,Legitimate
https://youtube.com/pricing/enterprise-plan,0,Legitimate
http://my-fedex-delivery.live/banking/2fa-verification.php,1,Phishing
https://is.gd/1g9aJ3w,1,Phishing
https://irs-tax-refund41.work/signin?token=9284028394819&redirect=secure,1,Phishing
https://facebook-recovery-login.blogspot.com/,1,Phishing
https://accounts.forbes.com/search?q=machine+learning&lang=en,0,Legitimate
https://mit.edu/login,0,Legitimate
https://fedex-delivery-verification.rf.gd/verify.php,1,Phishing
https://chase47.info/client/portal/validation.html,1,Phishing
http://usps-redelivery-verification.info/redirect//usps-redelivery/login.php?session_id=147684,1,Phishing
https://support.quora.com/auth/callback?ref=homepage&session=abc123,0,Legitimate
https://update-instagram-badge-portal.info/login.php,1,Phishing
http://bankofamerica64.cc/banking/2fa-verification.php,1,Phishing
https://store.billing.cam.ac.uk/profile/settings,0,Legitimate
https://oracle.com/articles/how-to-use-microsoft-safely,0,Legitimate
http://app-us1.mailed-by-verify.info/banking/2fa-verification.php,1,Phishing
https://coursera.org,0,Legitimate
https://netflix.com.verify-id4793.xyz/login,1,Phishing
https://outlook-exchange-support.b-cdn.net/verify.php,1,Phishing
https://docs.columbia.edu/account/overview,0,Legitimate
https://paypal.com.verify-id8444.click/,1,Phishing
https://login.chase.com.session-760874.click/login,1,Phishing
http://harvard.edu/news/2026/03/update,0,Legitimate
https://ox.ac.uk/features,0,Legitimate
http://account.amazon.com.cdn-auth52.site/banking/2fa-verification.php,1,Phishing
https://secure-login.chase.com.account-update.cfd/confirm,1,Phishing
https://microsoft-support-login.unaux.com/confirm-account,1,Phishing
http://auth-metamask-io.buzz/account/identity-verification,1,Phishing
https://irs-tax-refund-demo-user1.auth-verify7.xyz/signin?token=9284028394819&redirect=secure,1,Phishing
https://help.chase.com/articles/overview,0,Legitimate
https://cornell.edu/category/technology?sort=recent&ref=homepage&session=abc123,0,Legitimate
https://assets.stanford.edu/download/latest-release,0,Legitimate
https://api.amazon.com/support/help-center,0,Legitimate
https://ebay-resolution-demo-user1.auth-verify5.online/security/update-credentials.htm,1,Phishing
https://secure-login.netflix.com.account-update.cfd/signin/verify.php,1,Phishing
http://193.226.179.19/google-security/session/expired-login.html,1,Phishing
http://verify.bankofamerica.com.account-verify-1977.cfd/login.php,1,Phishing
https://cnn.com/search?q=machine+learning&lang=en,0,Legitimate
http://google-security-verification.xyz/redirect//google-security/login.php?session_id=884845,1,Phishing
https://stackoverflow.com/category/technology?sort=recent,0,Legitimate
https://bestbuy.com/articles/overview,0,Legitimate
https://192.66.92.102/paypal/wallet/confirm.php,1,Phishing
https://blog.ikea.com/login,0,Legitimate
https://metamask-io66.top/service/confirmation?ref=urgent,1,Phishing
https://paypal.com/download/latest-release,0,Legitimate
https://test.gitlab.com/download/latest-release,0,Legitimate
https://forbes.com/news/2026/03/update,0,Legitimate
https://www.w3schools.com/news/2026/stripe-announces-new-features,0,Legitimate
http://atlassian.com/about,0,Legitimate
https://login.mail.wellsfargo.com/team/leadership,0,Legitimate
http://18.24.156.206/steam-community/account/identity-verification,1,Phishing
http://dropbox-share-verification.work/redirect//dropbox-share/login.php?session_id=640645,1,Phishing
https://help.spotify.com/research/publications,0,Legitimate
https://mit.edu/about,0,Legitimate
https://cornell.edu/auth/callback,0,Legitimate
https://forum.stackoverflow.com/research/publications?utm_source=google&utm_medium=cpc,0,Legitimate
http://137.160.20.250/amazon-security/account/identity-verification,1,Phishing
https://wikipedia.org/auth/callback,0,Legitimate
https://cornell.edu/news/2026/03/update,0,Legitimate
https://beta.docs.github.com/security/settings,0,Legitimate
https://netflix.com.client-portal.top/confirm,1,Phishing
https://caltech.edu/articles/how-to-use-stripe-safely,0,Legitimate
http://ebay-resolution96.xyz/signin?token=9284028394819&redirect=secure,1,Phishing
https://iitb.ac.in/account/overview,0,Legitimate
https://shorturl.at/pyEiRdA,1,Phishing
http://coinbase-auth98.online/cgi-bin/account-unlock.cgi,1,Phishing
http://my-steam-community-portal.tk/wallet/confirm.php,1,Phishing
https://appleid38.work/service/confirmation?ref=urgent,1,Phishing
http://119.2.133.33/netflix-verify/service/confirmation?ref=urgent,1,Phishing
https://netflix-verify-support.000webhostapp.com/confirm-account,1,Phishing
https://steam-community78.info/secure-signin.html,1,Phishing
http://www.apple.com/compare/facebook-vs-competitors,0,Legitimate
https://cutt.ly/q4RlQtr?brand=dropbox-share,1,Phishing
https://t.co/Tvqsshl,1,Phishing
https://mit.edu,0,Legitimate
https://ww1.instagram-badgeid.click/login.php,1,Phishing
https://wiki.paypal.com/auth/callback?ref=homepage&session=abc123,0,Legitimate
https://accounts.youtube.com/contact?lang=en&region=us,0,Legitimate
https://ref4.wellsfargo-steam.icu/login.php,1,Phishing
https://americanexpress.com/courses/computer-science,0,Legitimate
https://secure.paypal.com.session-991080.online/banking/2fa-verification.php,1,Phishing
https://apache.org/docs/quickstart,0,Legitimate
http://168.119.23.50/dhl-tracking/wallet/confirm.php,1,Phishing
https://harvard.edu/team/leadership,0,Legitimate
https://ebay.com/auth/callback,0,Legitimate
https://login.docusign.com.session-297991.click/login,1,Phishing
http://chase-account-center.com/auth/recover-password.php?token=%20f017c5e0278d5044%3D%3D&ref=security_alert&auth=true,1,Phishing
http://amazon-security-verification.xyz/redirect//amazon-security/login.php?session_id=903298,1,Phishing
https://quora.com/courses/computer-science,0,Legitimate
http://coinbase.com.security-check112.tk/secure-signin.html,1,Phishing
http://staging.test.apple.com/contact,0,Legitimate
https://mit.edu/profile/settings,0,Legitimate
http://slack.com/community/forum?utm_source=newsletter&id=88213,0,Legitimate
http://wikipedia.org/account/overview,0,Legitimate
https://staging.kernel.org/explore,0,Legitimate
https://secure.coursera.org/download/latest-release,0,Legitimate
http://134.96.240.91/binance-wallet/account/identity-verification,1,Phishing
https://mail-bankofamerica-account.byethost.com/,1,Phishing
https://img.kernel.org/contact,0,Legitimate
http://instagram-badge-verification.info/redirect//instagram-badge/login.php?session_id=543504,1,Phishing
http://microsoft-support-verification.buzz/redirect//microsoft-support/login.php?session_id=168674,1,Phishing
https://linkedin.com/articles/overview,0,Legitimate
https://billing.columbia.edu/download/latest-release,0,Legitimate
http://50.134.156.207/google-security/auth/recover-password.php,1,Phishing
http://126.111.115.69/microsoft-support/service/confirmation?ref=urgent,1,Phishing
https://www.iitb.ac.in/security/settings,0,Legitimate
http://facebook-recovery50.info/session/expired-login.html,1,Phishing
https://kubernetes.io/terms,0,Legitimate
https://www.bestbuy.com/news/2026/google-announces-new-features,0,Legitimate
http://update-usps-redelivery-center.work/update/billing-information.php,1,Phishing
https://staging.mastercard.com/articles/overview,0,Legitimate
http://dhl-tracking-account-center.com/account/identity-verification?token=%202c4a3ed9779d51ec%3D%3D&ref=security_alert&auth=true,1,Phishing
https://app-us1.mailed-by-verify.tk/banking/2fa-verification.php,1,Phishing
http://secure-coinbase-auth-portal.live/banking/2fa-verification.php,1,Phishing
https://secure.amazon.com.session-697216.cfd/webscr?cmd=_login,1,Phishing
http://fedex-delivery-account-center.com/wallet/confirm.php?token=%2050fcba2ba476f6af%3D%3D&ref=security_alert&auth=true,1,Phishing
https://user-paypal.vercel.app/confirm-account,1,Phishing
https://coursera.org/team/leadership,0,Legitimate
http://dropbox-share-verification.top/redirect//dropbox-share/login.php?session_id=506426,1,Phishing
http://121.50.48.19/steam-community/auth/recover-password.php,1,Phishing
https://bit.ly/iJXjbNX,1,Phishing
https://walmart.com/security/settings?ref=homepage&session=abc123,0,Legitimate
http://signin.google.com.security-check75.top/session/expired-login.html,1,Phishing
https://shorturl.at/ZnuoYWd,1,Phishing
https://developer.android.com/contact,0,Legitimate
https://irs-tax-refund-support.vercel.app/login.html,1,Phishing
https://cdn.w3schools.com/features,0,Legitimate
https://cornell.edu/explore,0,Legitimate
https://account.mit.edu/pricing/enterprise-plan,0,Legitimate
http://netflix-verify-account-center.com/banking/2fa-verification.php?token=%206a65e3d7b63f9d2d%3D%3D&ref=security_alert&auth=true,1,Phishing
https://apple.com.verify-id3222.click/confirm,1,Phishing
http://app-us1.mailed-by-verify.space/update/billing-information.php,1,Phishing
http://netflix-verify-login.glitch.me/login.html,1,Phishing
https://ww1.ebay-resolutionid.cc/verify-account.asp,1,Phishing
https://walmart.com/features,0,Legitimate
https://paypal.com/,0,Legitimate
http://metamask-io91.tk/service/confirmation?ref=urgent,1,Phishing
https://usps-redelivery54.buzz/signin?token=9284028394819&redirect=secure,1,Phishing
https://secure.apple.com.amazon-security-update28.space/verify-account.asp,1,Phishing
https://auth-wellsfargo-center.com/signin?token=9284028394819&redirect=secure,1,Phishing
https://microsoft-support78.live/account/identity-verification,1,Phishing
https://login.forum.nature.com/profile/settings,0,Legitimate
https://app.pinterest.com/products/catalog,0,Legitimate
https://img.paypal.com/auth/callback,0,Legitimate
https://docs.stripe.com/profile/settings,0,Legitimate
https://aliexpress.com/news/2026/stripe-announces-new-features,0,Legitimate
https://medium.com/category/technology?sort=recent,0,Legitimate
http://irs-tax-refund-account-center.com/security/update-credentials.htm?token=%2018c67ad044fab9ba%3D%3D&ref=security_alert&auth=true,1,Phishing
https://mozilla.org/research/publications?lang=en&region=us,0,Legitimate
http://appleid17.online/auth/recover-password.php,1,Phishing
https://udemy.com,0,Legitimate
http://ebay-resolution21.top/webscr?cmd=_login,1,Phishing
https://vimeo.com/,0,Legitimate
http://steam-community-verification.top/redirect//steam-community/login.php?session_id=247173,1,Phishing
https://m.etsy.com/category/technology?sort=recent,0,Legitimate
http://bankofamerica-account-center.com/security/update-credentials.htm?token=%202624826346198322%3D%3D&ref=security_alert&auth=true,1,Phishing
https://arxiv.org/docs/quickstart,0,Legitimate
https://secure-login.apple.com.account-update.click/signin/verify.php,1,Phishing
https://verify.paypal.com.session-167950.online/login.php,1,Phishing
http://login.chase.com.account-verify-2817.click/login.php,1,Phishing
https://assets.img.yale.edu/community/forum,0,Legitimate
https://paypal.com.client-portal.cfd/login,1,Phishing
http://microsoft-support-account-center.com/service/confirmation?ref=urgent?token=%2079b9e1c954b6521b%3D%3D&ref=security_alert&auth=true,1,Phishing
http://irs-tax-refund-demo-user1.auth-verify7.ga/signin?token=9284028394819&redirect=secure,1,Phishing
https://support.citibank.com/pricing/enterprise-plan,0,Legitimate
https://forum.docs.cmu.edu,0,Legitimate
https://beta.w3schools.com/api/v2/reference?utm_source=newsletter&id=88213,0,Legitimate
https://bloomberg.com/community/forum,0,Legitimate
http://bankofamerica-verification.icu/redirect//bankofamerica/login.php?session_id=158810,1,Phishing
https://shop.shop.wikipedia.org/team/leadership,0,Legitimate
http://facebook-recovery-verification.icu/redirect//facebook-recovery/login.php?session_id=866654,1,Phishing
https://ethz.ch/terms?ref=homepage&session=abc123,0,Legitimate
https://microsoft.com/terms,0,Legitimate
https://sciencedirect.com/login,0,Legitimate
https://www.wikipedia.org/products/catalog,0,Legitimate
http://verify-microsoft-support-manage.buzz/cgi-bin/account-unlock.cgi,1,Phishing
http://login-bankofamerica-check.monster/security/update-credentials.htm,1,Phishing
https://cam.ac.uk/explore,0,Legitimate
https://verify-amazon-security-center.info/cgi-bin/account-unlock.cgi,1,Phishing
http://irs-tax-refund15.tk/webscr?cmd=_login,1,Phishing
https://bloomberg.com/articles/overview,0,Legitimate
https://reuters.com/articles/overview,0,Legitimate
http://outlook-exchange-account-center.com/webscr?cmd=_login?token=%20398c442793b6a231%3D%3D&ref=security_alert&auth=true,1,Phishing
http://account.microsoft.com.cdn-auth47.xyz/webscr?cmd=_login,1,Phishing
https://chase.com/articles/overview,0,Legitimate
https://app-us1.mailed-by-verify.cfd/security/update-credentials.htm,1,Phishing
https://login.apple.com.session-886486.live/login,1,Phishing
https://mail.cornell.edu/courses/computer-science,0,Legitimate
https://secure.microsoft.com.session-408972.cc/auth/recover-password.php,1,Phishing
http://dhl-tracking-account-center.com/client/portal/validation.html?token=%2090f846f6486a0fa3%3D%3D&ref=security_alert&auth=true,1,Phishing
https://wellsfargo-verification.blogspot.com/,1,Phishing
http://google-security90.space/session/expired-login.html,1,Phishing
http://portal.apache.org/terms,0,Legitimate
http://login-bankofamerica-center.info/wallet/confirm.php,1,Phishing
https://cutt.ly/N8ozPnD,1,Phishing
http://paypal-account-center.com/banking/2fa-verification.php?token=%2085cc79054b814983%3D%3D&ref=security_alert&auth=true,1,Phishing
http://26.179.52.28/netflix-verify/verify-account.asp,1,Phishing
https://ebay-resolution-demo-user1.auth-verify9.monster/cgi-bin/account-unlock.cgi,1,Phishing
https://aws.amazon.com/terms,0,Legitimate
https://aws.amazon.com/account/overview,0,Legitimate
http://metamask-io56.tk/security/update-credentials.htm,1,Phishing
https://cutt.ly/It3nRvR?brand=appleid,1,Phishing
https://iitd.ac.in/api/v2/reference?utm_source=newsletter&id=88213,0,Legitimate
https://dhl-tracking-login.vercel.app/confirm-account,1,Phishing
https://cloud.google.com/articles/overview,0,Legitimate
https://aws.amazon.com/features,0,Legitimate
https://target.com/security/settings,0,Legitimate
https://pay.visa.com/products/catalog,0,Legitimate
http://appleid-support.rf.gd/verify.php,1,Phishing
https://docusign.com.verify-id2119.top/confirm,1,Phishing
https://shop.cloud.google.com/features,0,Legitimate
https://shorturl.at/XVTI6Jt,1,Phishing
https://sandbox.citibank.com/terms,0,Legitimate
http://paypal-account-center.com/wallet/confirm.php?token=%208aaabfb978ba6205%3D%3D&ref=security_alert&auth=true,1,Phishing
http://appleid-verification.monster/redirect//appleid/login.php?session_id=420750,1,Phishing
http://instagram-badge-account-center.com/session/expired-login.html?token=%20d9202f61794102c4%3D%3D&ref=security_alert&auth=true,1,Phishing
https://bestbuy.com/research/publications,0,Legitimate
https://wellsfargo.com/support/help-center,0,Legitimate
https://cdn.cdn.oracle.com/profile/settings,0,Legitimate
https://stackoverflow.com/search?q=machine+learning&lang=en,0,Legitimate
http://auth.google.com.security-check548.top/login.php,1,Phishing
https://is.gd/67wzWEd?brand=google-security,1,Phishing
https://my.apple.com.session-313934.monster/login.php,1,Phishing
https://account.bankofamerica.com.session-365791.ga/client/portal/validation.html,1,Phishing
http://59.241.235.3/irs-tax-refund/account/identity-verification,1,Phishing
http://ebay-resolution-account-center.com/signin?token=9284028394819&redirect=secure?token=%20c153e02fa6309ee5%3D%3D&ref=security_alert&auth=true,1,Phishing
https://billing.wiki.vimeo.com/profile/settings,0,Legitimate
http://auth-usps-redelivery-security.tk/login.php,1,Phishing
https://www.instagram.com/blog/merchant-guide?provider=amazon,0,Legitimate
http://22.206.189.227:8888/instagram-badge/secure-signin.html,1,Phishing
http://73.63.72.98:8443/instagram-badge/secure-signin.html,1,Phishing
http://111.70.169.77/dropbox-share/account/identity-verification,1,Phishing
http://verify.amazon.com.account-verify-2696.work/webscr?cmd=_login,1,Phishing
http://github.com/terms,0,Legitimate
http://m.paypal.com/docs/quickstart,0,Legitimate
http://bankofamerica-account-center.com/verify-account.asp?token=%203611aa0db8c1ea8a%3D%3D&ref=security_alert&auth=true,1,Phishing
http://dhl-tracking-verification.space/redirect//dhl-tracking/login.php?session_id=998506,1,Phishing
https://account.princeton.edu/search?q=machine+learning&lang=en,0,Legitimate
http://dropbox-share-verification.click/redirect//dropbox-share/login.php?session_id=166176,1,Phishing
http://login-usps-redelivery-alert.work/login.php,1,Phishing
https://netflix.com.support-centre.click/,1,Phishing
https://cmu.edu,0,Legitimate
https://cdn.ibm.com/login?ref=homepage&session=abc123,0,Legitimate
https://shop.help.gitlab.com/login,0,Legitimate
https://forum.bbc.com/api/v2/reference,0,Legitimate
https://ref6.appleid-steam.monster/banking/2fa-verification.php,1,Phishing
https://slack.com/about?lang=en&region=us,0,Legitimate
https://mail-fedex-delivery-account.github.io/verify.php,1,Phishing
https://netflix.com.verify-id8586.click/login,1,Phishing
https://shop.yale.edu/support/help-center,0,Legitimate
http://billing.cloud.google.com/login,0,Legitimate
http://147.153.142.89/wellsfargo/login.php,1,Phishing
http://steam-community-verification.top/redirect//steam-community/login.php?session_id=232193,1,Phishing
http://columbia.edu/docs/quickstart,0,Legitimate
https://blog.billing.ox.ac.uk/community/forum,0,Legitimate
http://fedex-delivery-account-center.com/wallet/confirm.php?token=%20ad53a608dc6ab6c6%3D%3D&ref=security_alert&auth=true,1,Phishing
https://cmu.edu/terms?ref=homepage&session=abc123,0,Legitimate
https://auth-google-security.info/verify-account.asp,1,Phishing
https://account.bestbuy.com/pricing/enterprise-plan?utm_source=google&utm_medium=cpc,0,Legitimate
https://apple.com.verify-id1518.icu/confirm,1,Phishing
https://slack.com/docs/quickstart,0,Legitimate
https://mail.spotify.com/api/v2/reference?lang=en&region=us,0,Legitimate
https://ibm.com/auth/callback,0,Legitimate
https://service-instagram-badge-center.xyz/secure-signin.html,1,Phishing
http://khanacademy.org/products/catalog,0,Legitimate
https://shorturl.at/LZs8qEP,1,Phishing
https://login.google.com.session-780984.cc/secure-signin.html,1,Phishing
https://shorturl.at/JOnB1E5?brand=appleid,1,Phishing
https://reddit.com/login?ref=homepage&session=abc123,0,Legitimate
https://citibank.com/category/technology?sort=recent&utm_source=newsletter&id=88213,0,Legitimate
http://secure.microsoft.com.session-580762.xyz/account/identity-verification,1,Phishing
https://m.cdn.mastercard.com/features?utm_source=newsletter&id=88213,0,Legitimate
https://shop.youtube.com/pricing/enterprise-plan,0,Legitimate
https://nytimes.com/search?q=machine+learning&lang=en&utm_source=google&utm_medium=cpc,0,Legitimate
http://microsoft-support-account-center.com/security/update-credentials.htm?token=%200b7ce0ad69afc122%3D%3D&ref=security_alert&auth=true,1,Phishing
https://user-fedex-delivery.glitch.me/verify.php,1,Phishing
http://chase-account-center.com/security/update-credentials.htm?token=%2012632d01c2920c5c%3D%3D&ref=security_alert&auth=true,1,Phishing
http://secure-irs-tax-refund-manage.online/client/portal/validation.html,1,Phishing
http://beta.vimeo.com/articles/overview,0,Legitimate
https://login.docusign.com.session-484968.click/signin/verify.php,1,Phishing
https://service-metamask-io-check.monster/service/confirmation?ref=urgent,1,Phishing
https://paypal.com.verify-id1494.click/signin/verify.php,1,Phishing
http://ww1.dhl-trackingid.buzz/session/expired-login.html,1,Phishing
https://login-usps-redelivery-security.space/webscr?cmd=_login,1,Phishing
https://www.secure.docker.com/privacy,0,Legitimate
https://ox.ac.uk/profile/settings,0,Legitimate
http://114.67.113.72/netflix-verify/account/identity-verification,1,Phishing
http://appleid-verification.herokuapp.com/verify.php,1,Phishing
https://cdn.cam.ac.uk/team/leadership,0,Legitimate
https://en.caltech.edu/team/leadership,0,Legitimate
http://ww1.paypalid.online/client/portal/validation.html,1,Phishing
https://secure-binance-wallet-check.net/signin?token=9284028394819&redirect=secure,1,Phishing
https://support.mozilla.org/contact,0,Legitimate
https://reuters.com/features,0,Legitimate
https://shorturl.at/pnJeJol?brand=paypal,1,Phishing
https://toronto.edu/support/does-microsoft-support-2fa,0,Legitimate
https://apple.com/pricing/enterprise-plan,0,Legitimate
http://steam-community-support.byethost.com/,1,Phishing
https://test.iitb.ac.in/blog/post?id=1024&category=ai,0,Legitimate
https://login.apple.com.cdn-auth91.icu/service/confirmation?ref=urgent,1,Phishing
http://31.18.16.190:8888/steam-community/cgi-bin/account-unlock.cgi,1,Phishing
http://appleid-verification.online/redirect//appleid/login.php?session_id=574030,1,Phishing
https://nature.com/privacy,0,Legitimate
http://verify-dropbox-share-check.top/signin?token=9284028394819&redirect=secure,1,Phishing
http://metamask-io25.buzz/signin?token=9284028394819&redirect=secure,1,Phishing
https://microsoft.com/team/leadership,0,Legitimate
http://irs-tax-refund-verification.online/redirect//irs-tax-refund/login.php?session_id=681061,1,Phishing
https://login.m.aliexpress.com/account/overview,0,Legitimate
http://dhl-tracking-account-center.com/banking/2fa-verification.php?token=%202a157bf48e24d49d%3D%3D&ref=security_alert&auth=true,1,Phishing
https://paypal.com/security/settings?utm_source=newsletter&id=88213,0,Legitimate
https://ref3.metamask-io-steam.live/verify-account.asp,1,Phishing
http://dropbox-share27.monster/session/expired-login.html,1,Phishing
https://mail-irs-tax-refund-account.netlify.app/verify.php,1,Phishing
http://steam-community-verification.xyz/redirect//steam-community/login.php?session_id=873732,1,Phishing
https://wellsfargo.com.account-verify-5374.site/client/portal/validation.html,1,Phishing
https://microsoft-support64.cfd/update/billing-information.php,1,Phishing
https://login.apple.com.account-verify-5166.live/wallet/confirm.php,1,Phishing
https://news.m.toronto.edu/products/catalog,0,Legitimate
https://www.ethz.ch/reviews/apple-alternative,0,Legitimate
https://arxiv.org/contact,0,Legitimate
https://chase.com/about,0,Legitimate
https://53.52.191.188/microsoft-support/secure-signin.html,1,Phishing
https://secure-login.netflix.com.account-update.top/confirm,1,Phishing
https://instagram-badge-verification.vercel.app/,1,Phishing
https://visa.com/features,0,Legitimate
http://login-wellsfargo-security.icu/verify-account.asp,1,Phishing
http://steam-community-account-center.com/service/confirmation?ref=urgent?token=%20f742beec67b9ec1f%3D%3D&ref=security_alert&auth=true,1,Phishing
http://12.26.170.227/bankofamerica/banking/2fa-verification.php,1,Phishing
http://outlook-exchange-verification.work/redirect//outlook-exchange/login.php?session_id=340510,1,Phishing
http://fedex-delivery-verification.work/redirect//fedex-delivery/login.php?session_id=481897,1,Phishing
http://login-netflix-verify-portal.cfd/banking/2fa-verification.php,1,Phishing
http://account.amazon.com.session-410397.xyz/session/expired-login.html,1,Phishing
http://app-us1.mailed-by-verify.tk/signin?token=9284028394819&redirect=secure,1,Phishing
https://digitalocean.com/team/leadership,0,Legitimate
http://binance-wallet-account-center.com/signin?token=9284028394819&redirect=secure?token=%20494715ab47450a4c%3D%3D&ref=security_alert&auth=true,1,Phishing
https://columbia.edu/explore,0,Legitimate
https://medium.com/search?q=machine+learning&lang=en,0,Legitimate
http://33.85.144.96/appleid/signin?token=9284028394819&redirect=secure,1,Phishing
https://forum.stanford.edu/auth/callback,0,Legitimate
https://paypal-verification.b-cdn.net/verify.php,1,Phishing
http://google-security40.space/signin?token=9284028394819&redirect=secure,1,Phishing
http://dhl-tracking-account-center.com/account/identity-verification?token=%2061d29b102165e7fc%3D%3D&ref=security_alert&auth=true,1,Phishing
https://login.mastercard.com/api/v2/reference?ref=homepage&session=abc123,0,Legitimate
https://cutt.ly/jY4tYiP,1,Phishing
http://ox.ac.uk/compare/google-vs-competitors,0,Legitimate
http://citibank.com/profile/settings?lang=en&region=us,0,Legitimate
https://ebay.com/category/technology?sort=recent,0,Legitimate
http://user-dhl-tracking.weebly.com/,1,Phishing
https://paypal.com.verify-id7588.icu/confirm,1,Phishing
https://aws.amazon.com/news/2026/03/update,0,Legitimate
http://dhl-tracking-verification.top/redirect//dhl-tracking/login.php?session_id=115446,1,Phishing
http://68.10.49.17/bankofamerica/auth/recover-password.php,1,Phishing
https://iitd.ac.in/library/archive,0,Legitimate
https://billing.ebay.com/contact,0,Legitimate
https://portal.cmu.edu/api/v2/reference,0,Legitimate
https://dhl-tracking-login.000webhostapp.com/verify.php,1,Phishing
https://oracle.com/explore,0,Legitimate
https://assets.medium.com/login?ref=homepage&session=abc123,0,Legitimate
http://aws.amazon.com/products/catalog,0,Legitimate
http://account.wellsfargo.com.account-verify-7620.cc/security/update-credentials.htm,1,Phishing
https://login.accounts.instagram.com/articles/overview,0,Legitimate
http://binance-wallet-verification.cfd/redirect//binance-wallet/login.php?session_id=721640,1,Phishing
http://google-security-account-center.com/auth/recover-password.php?token=%20d54d25a839245ba7%3D%3D&ref=security_alert&auth=true,1,Phishing
http://img.aws.amazon.com/team/leadership,0,Legitimate
http://secure.apple.com.session-130401.monster/login.php,1,Phishing
https://shorturl.at/kv1mwVf,1,Phishing
https://secure-login.docusign.com.account-update.cfd/login,1,Phishing
https://img.pay.khanacademy.org/articles/overview?lang=en&region=us,0,Legitimate
http://bankofamerica-demo-user1.auth-verify9.top/cgi-bin/account-unlock.cgi,1,Phishing
http://ref4.steam-community-steam.site/client/portal/validation.html,1,Phishing
https://wiki.billing.aliexpress.com/research/publications,0,Legitimate
http://mail-paypal-account.unaux.com/login.html,1,Phishing
http://cmu.edu/search?q=machine+learning&lang=en,0,Legitimate
https://bbc.com/blog/merchant-guide?provider=stripe,0,Legitimate
https://service-outlook-exchange-check.top/signin?token=9284028394819&redirect=secure,1,Phishing
https://t.co/KqUKbSF,1,Phishing
http://flipkart.com/login?utm_source=google&utm_medium=cpc,0,Legitimate
https://billing.aliexpress.com/library/archive,0,Legitimate
https://chase.com/support/help-center?ref=homepage&session=abc123,0,Legitimate
https://www.oracle.com/blog/merchant-guide?provider=stripe,0,Legitimate
https://udemy.com/support/does-google-support-2fa,0,Legitimate
http://chase-verification.cfd/redirect//chase/login.php?session_id=317783,1,Phishing
https://auth.spotify.com/articles/overview,0,Legitimate
https://www.ox.ac.uk/articles/how-to-use-stripe-safely,0,Legitimate
https://ebay.com/login?ref=homepage&session=abc123,0,Legitimate
https://wikipedia.org/reviews/coinbase-alternative,0,Legitimate
https://cdn.sciencedirect.com/about,0,Legitimate
https://google-security-support.infinityfreeapp.com/,1,Phishing
http://binance-wallet-verification.tk/redirect//binance-wallet/login.php?session_id=552029,1,Phishing
http://paypal-account-center.com/client/portal/validation.html?token=%206d42aef277747e47%3D%3D&ref=security_alert&auth=true,1,Phishing
https://citibank.com/research/publications,0,Legitimate
http://usps-redelivery-account-center.com/wallet/confirm.php?token=%20570aeee570e3c309%3D%3D&ref=security_alert&auth=true,1,Phishing
http://70.215.82.212/usps-redelivery/service/confirmation?ref=urgent,1,Phishing
https://reuters.com/blog/merchant-guide?provider=netflix,0,Legitimate
https://netflix.com/api/v2/reference,0,Legitimate
https://secure.pinterest.com/download/latest-release,0,Legitimate
http://70.158.20.14/paypal/cgi-bin/account-unlock.cgi,1,Phishing
https://appleid-demo-user1.auth-verify7.cfd/login.php,1,Phishing
https://app.stackoverflow.com/research/publications,0,Legitimate
https://iitd.ac.in/explore,0,Legitimate
https://www.oracle.com/news/2026/apple-announces-new-features,0,Legitimate
https://help.docker.com/api/v2/reference,0,Legitimate
https://app.api.spotify.com/login,0,Legitimate
https://test.test.ox.ac.uk/explore,0,Legitimate
http://netflix.com/news/2026/stripe-announces-new-features,0,Legitimate
https://docs.medium.com/features,0,Legitimate
https://iitb.ac.in/auth/callback,0,Legitimate
https://en.portal.visa.com/search?q=machine+learning&lang=en&lang=en&region=us,0,Legitimate
https://docker.com/,0,Legitimate
https://zoom.us/wiki/amazon,0,Legitimate
http://ref1.metamask-io-steam.click/secure-signin.html,1,Phishing
http://secure.paypal.com.microsoft-support-update74.icu/session/expired-login.html,1,Phishing
https://apple.com/blog/post?id=1024&category=ai,0,Legitimate
https://cutt.ly/dj3YP6y?brand=dropbox-share,1,Phishing
https://metamask-io-demo-user1.auth-verify6.tk/verify-account.asp,1,Phishing
https://m.apple.com/download/latest-release,0,Legitimate
http://account.bankofamerica.com.cdn-auth64.space/account/identity-verification,1,Phishing
http://dropbox-share-account-center.com/verify-account.asp?token=%20bb630ee9e956ec66%3D%3D&ref=security_alert&auth=true,1,Phishing
https://staging.gitlab.com/community/forum?utm_source=newsletter&id=88213,0,Legitimate
https://target.com/courses/computer-science,0,Legitimate
http://account.wellsfargo.com.bankofamerica-update48.xyz/session/expired-login.html,1,Phishing
https://tinyurl.com/uJW2NGh,1,Phishing
https://news.apache.org/articles/overview,0,Legitimate
https://beta.khanacademy.org/docs/quickstart,0,Legitimate
https://tinyurl.com/oIeMSt7,1,Phishing
https://etsy.com/articles/how-to-use-stripe-safely,0,Legitimate
https://walmart.com/profile/settings,0,Legitimate
https://api.billing.coursera.org/docs/quickstart,0,Legitimate
http://facebook-recovery-support.vercel.app/login.html,1,Phishing
https://www.stanford.edu/support/help-center,0,Legitimate
http://129.7.235.186:8888/metamask-io/client/portal/validation.html,1,Phishing
https://microsoft-support-demo-user1.auth-verify4.cc/client/portal/validation.html,1,Phishing
https://assets.edx.org/products/catalog,0,Legitimate
https://reddit.com/research/publications,0,Legitimate
https://secure-login.chase.com.account-update.icu/,1,Phishing
https://mail-paypal-account.blogspot.com/verify.php,1,Phishing
https://assets.berkeley.edu/articles/overview,0,Legitimate
http://login.bankofamerica.com.dropbox-share-update24.monster/client/portal/validation.html,1,Phishing
https://rb.gy/TuXLUvM,1,Phishing
https://www.princeton.edu/news/2026/amazon-announces-new-features,0,Legitimate
https://login.blog.walmart.com/search?q=machine+learning&lang=en,0,Legitimate
https://quora.com/community/forum,0,Legitimate
https://udemy.com/support/does-facebook-support-2fa,0,Legitimate
http://my-dhl-tracking.monster/secure-signin.html,1,Phishing
https://m.blog.digitalocean.com/terms,0,Legitimate
http://auth.login.chase.com/products/catalog,0,Legitimate
https://dhl-tracking19.tk/wallet/confirm.php,1,Phishing
https://user-dropbox-share.netlify.app/verify.php,1,Phishing
https://microsoft.com/contact,0,Legitimate
https://147.248.12.46/google-security/banking/2fa-verification.php,1,Phishing
https://app-us1.mailed-by-verify.site/service/confirmation?ref=urgent,1,Phishing
http://instagram-badge-support.infinityfreeapp.com/confirm-account,1,Phishing
https://linkedin.com/library/archive?utm_source=newsletter&id=88213,0,Legitimate
http://21.72.187.238/outlook-exchange/security/update-credentials.htm,1,Phishing
http://instagram-badge-account-center.com/verify-account.asp?token=%201d330df4b32de0b6%3D%3D&ref=security_alert&auth=true,1,Phishing
http://steam-community-account-center.com/signin?token=9284028394819&redirect=secure?token=%2015733c14d78b7ef6%3D%3D&ref=security_alert&auth=true,1,Phishing
https://www.visa.com/news/2026/docusign-announces-new-features,0,Legitimate
https://outlook-exchange76.top/auth/recover-password.php,1,Phishing
https://netflix-verify46.online/cgi-bin/account-unlock.cgi,1,Phishing
http://dhl-tracking70.tk/verify-account.asp,1,Phishing
http://account.apple.com.session-489444.site/login.php,1,Phishing
https://dev.flipkart.com/,0,Legitimate
http://my-instagram-badge-online.site/update/billing-information.php,1,Phishing
https://img.docs.americanexpress.com/api/v2/reference?ref=homepage&session=abc123,0,Legitimate
https://bankofamerica.com.account-verify-1114.cfd/account/identity-verification,1,Phishing
https://binance-wallet55.info/secure-signin.html,1,Phishing
https://arxiv.org/explore?utm_source=newsletter&id=88213,0,Legitimate
https://bbc.com/about,0,Legitimate
https://t.co/6Zq4pfz?brand=microsoft-support,1,Phishing
https://ww1.binance-walletid.xyz/verify-account.asp,1,Phishing
https://beta.docs.github.com/products/catalog?ref=homepage&session=abc123,0,Legitimate
http://my-outlook-exchange-center.net/cgi-bin/account-unlock.cgi,1,Phishing
https://harvard.edu,0,Legitimate
https://aws.amazon.com/community/forum?utm_source=newsletter&id=88213,0,Legitimate
https://microsoft.com/explore,0,Legitimate
http://service-wellsfargo.org/security/update-credentials.htm,1,Phishing
http://portal.toronto.edu/login,0,Legitimate
https://ibm.com/reviews/docusign-alternative,0,Legitimate
http://chase11.cc/webscr?cmd=_login,1,Phishing
http://appleid-verification.ga/redirect//appleid/login.php?session_id=784167,1,Phishing
http://apple.com.session-441053.icu/webscr?cmd=_login,1,Phishing
http://133.10.27.82:8888/binance-wallet/webscr?cmd=_login,1,Phishing
https://bloomberg.com/news/2026/coinbase-announces-new-features,0,Legitimate
https://account.store.digitalocean.com/docs/quickstart?utm_source=newsletter&id=88213,0,Legitimate
https://toronto.edu/articles/overview,0,Legitimate
https://support.billing.theguardian.com/privacy,0,Legitimate
http://dropbox-share-verification.online/redirect//dropbox-share/login.php?session_id=348200,1,Phishing
https://wiki.reddit.com/search?q=machine+learning&lang=en,0,Legitimate
https://flipkart.com/library/archive,0,Legitimate
https://181.184.237.28/irs-tax-refund/login.php,1,Phishing
https://beta.iitd.ac.in/category/technology?sort=recent,0,Legitimate
https://www.nytimes.com/compare/coinbase-vs-competitors,0,Legitimate
https://www.digitalocean.com/wiki/coinbase,0,Legitimate
https://sciencedirect.com/pricing/enterprise-plan,0,Legitimate
https://bit.ly/SLMg6lZ,1,Phishing
http://chase-verification.live/redirect//chase/login.php?session_id=862340,1,Phishing
https://secure.spotify.com/api/v2/reference,0,Legitimate
http://store.oracle.com/research/publications,0,Legitimate
https://login-microsoft-support-center.site/cgi-bin/account-unlock.cgi,1,Phishing
http://facebook-recovery-account-center.com/signin?token=9284028394819&redirect=secure?token=%20b5592fa44dc1b738%3D%3D&ref=security_alert&auth=true,1,Phishing
https://shopify.com/privacy,0,Legitimate
https://ref8.steam-community-steam.click/secure-signin.html,1,Phishing
https://verify-dropbox-share-manage.top/account/identity-verification,1,Phishing
http://fedex-delivery-account-center.com/client/portal/validation.html?token=%20066dbd42ed721f54%3D%3D&ref=security_alert&auth=true,1,Phishing
https://www.amazon.com/pricing/enterprise-plan,0,Legitimate
http://alert-google-security-manage.org/banking/2fa-verification.php,1,Phishing
https://tinyurl.com/pdjMT8N?brand=amazon-security,1,Phishing
http://alert-amazon-security-manage.site/client/portal/validation.html,1,Phishing
https://wiki.stackoverflow.com/pricing/enterprise-plan,0,Legitimate
https://wellsfargo.com/account/overview,0,Legitimate
https://ebay-resolution-demo-user1.auth-verify7.site/verify-account.asp,1,Phishing
https://shop.shopify.com/profile/settings,0,Legitimate
https://is.gd/WDCIrqj,1,Phishing
https://accounts.reuters.com/account/overview,0,Legitimate
https://api.developer.android.com/profile/settings?utm_source=google&utm_medium=cpc,0,Legitimate
http://staging.bloomberg.com/products/catalog,0,Legitimate
https://login.docusign.com.session-837296.cfd/confirm,1,Phishing
https://service-fedex-delivery-manage.click/update/billing-information.php,1,Phishing
http://104.87.143.63/instagram-badge/security/update-credentials.htm,1,Phishing
https://user-wellsfargo.vercel.app/verify.php,1,Phishing
https://mail-coinbase-auth-account.firebaseapp.com/confirm-account,1,Phishing
http://dhl-tracking-verification.click/redirect//dhl-tracking/login.php?session_id=611539,1,Phishing
https://netflix.com.support-centre.icu/signin/verify.php,1,Phishing
https://account.arxiv.org/community/forum,0,Legitimate
https://secure-login.netflix.com.account-update.live/login,1,Phishing
https://forum.docker.com/login,0,Legitimate
https://secure.ibm.com/products/catalog,0,Legitimate
http://appleid-verification.live/redirect//appleid/login.php?session_id=214015,1,Phishing
http://appleid-account-center.com/verify-account.asp?token=%205e6869ef05548847%3D%3D&ref=security_alert&auth=true,1,Phishing
https://steam-community67.tk/login.php,1,Phishing
https://www.iitd.ac.in/support/does-paypal-support-2fa,0,Legitimate
https://aws.amazon.com/explore,0,Legitimate
http://122.20.73.156/steam-community/service/confirmation?ref=urgent,1,Phishing
https://rb.gy/UquuPD6,1,Phishing
https://164.248.54.102/microsoft-support/wallet/confirm.php,1,Phishing
http://facebook-recovery-demo-user1.auth-verify7.cc/security/update-credentials.htm,1,Phishing
https://t.co/hlAvHhV?brand=outlook-exchange,1,Phishing
http://update-paypal.cc/service/confirmation?ref=urgent,1,Phishing
https://wellsfargo.com/courses/computer-science,0,Legitimate
http://signin.chase.com.session-566738.live/webscr?cmd=_login,1,Phishing
https://www.microsoft.com/reviews/docusign-alternative,0,Legitimate
https://portal.berkeley.edu/blog/post?id=1024&category=ai,0,Legitimate
https://news.cam.ac.uk/download/latest-release,0,Legitimate
https://digitalocean.com/contact,0,Legitimate
https://ww1.metamask-ioid.buzz/banking/2fa-verification.php,1,Phishing
https://facebook-recovery36.site/update/billing-information.php,1,Phishing
https://login.chase.com.session-600755.live/confirm,1,Phishing
https://user-instagram-badge.000webhostapp.com/,1,Phishing
http://news.store.w3schools.com/,0,Legitimate
https://blog.iitd.ac.in/security/settings?utm_source=google&utm_medium=cpc,0,Legitimate
https://nature.com/products/catalog,0,Legitimate
https://gitlab.com/contact,0,Legitimate
http://86.183.231.242:8888/fedex-delivery/banking/2fa-verification.php,1,Phishing
http://114.72.139.211:8000/wellsfargo/webscr?cmd=_login,1,Phishing
https://cam.ac.uk/,0,Legitimate
http://reuters.com/research/publications,0,Legitimate
https://nytimes.com,0,Legitimate
http://login.apple.com.account-verify-8681.top/session/expired-login.html,1,Phishing
https://login.mozilla.org/library/archive,0,Legitimate
http://43.210.91.194:8000/binance-wallet/wallet/confirm.php,1,Phishing
https://my.bankofamerica.com.cdn-auth74.info/client/portal/validation.html,1,Phishing
http://facebook-recovery-account-center.com/service/confirmation?ref=urgent?token=%20c09b7045a1f708b5%3D%3D&ref=security_alert&auth=true,1,Phishing
http://my.netflix.com.cdn-auth29.live/login.php,1,Phishing
https://secure-login.paypal.com.account-update.cfd/confirm,1,Phishing
https://ww1.steam-communityid.com/banking/2fa-verification.php,1,Phishing
http://facebook-recovery-account-center.com/verify-account.asp?token=%200a6371d35bf66293%3D%3D&ref=security_alert&auth=true,1,Phishing
https://edx.org/category/technology?sort=recent,0,Legitimate
https://flipkart.com/blog/merchant-guide?provider=amazon,0,Legitimate
https://mail-dhl-tracking-account.byethost.com/confirm-account,1,Phishing
http://160.83.74.64/google-security/login.php,1,Phishing
https://app.cloud.google.com/team/leadership?utm_source=newsletter&id=88213,0,Legitimate
https://t.co/mV9t8yh,1,Phishing
https://user-amazon-security.infinityfreeapp.com/confirm-account,1,Phishing
https://target.com/terms,0,Legitimate
http://ebay-resolution-account-center.com/login.php?token=%20faa6fc82780fb20a%3D%3D&ref=security_alert&auth=true,1,Phishing
https://iitb.ac.in/community/forum,0,Legitimate
https://assets.sciencedirect.com/search?q=machine+learning&lang=en&utm_source=google&utm_medium=cpc,0,Legitimate
http://verify-wellsfargo-portal.info/update/billing-information.php,1,Phishing
https://28.62.250.249/coinbase-auth/update/billing-information.php,1,Phishing
https://sandbox.caltech.edu/login,0,Legitimate
http://ebay-resolution-account-center.com/account/identity-verification?token=%20f47462d9bd062062%3D%3D&ref=security_alert&auth=true,1,Phishing
https://blog.cdn.microsoft.com/docs/quickstart?ref=homepage&session=abc123,0,Legitimate
https://netflix.com/news/2026/03/update?utm_source=newsletter&id=88213,0,Legitimate
http://my-appleid-center.live/session/expired-login.html,1,Phishing
http://outlook-exchange-verification.site/redirect//outlook-exchange/login.php?session_id=624752,1,Phishing
http://instagram-badge-demo-user1.auth-verify1.buzz/cgi-bin/account-unlock.cgi,1,Phishing
https://cdn.coursera.org/news/2026/03/update,0,Legitimate
https://bloomberg.com/category/technology?sort=recent,0,Legitimate
https://app-us1.mailed-by-verify.space/banking/2fa-verification.php,1,Phishing
http://25.238.246.164/instagram-badge/security/update-credentials.htm,1,Phishing
https://login.paypal.com.session-259269.live/,1,Phishing
http://my-fedex-delivery-manage.xyz/account/identity-verification,1,Phishing
https://is.gd/roSjRvC?brand=dropbox-share,1,Phishing
https://ikea.com/support/does-coinbase-support-2fa,0,Legitimate
https://nytimes.com/security/settings,0,Legitimate
https://secure-login.apple.com.account-update.top/confirm,1,Phishing
https://binance-wallet-login.jimdofree.com/login.html,1,Phishing
https://docker.com/download/latest-release,0,Legitimate
https://harvard.edu/,0,Legitimate
http://facebook-recovery-account-center.com/auth/recover-password.php?token=%207ef5c571f460085c%3D%3D&ref=security_alert&auth=true,1,Phishing
http://login-usps-redelivery-security.info/session/expired-login.html,1,Phishing
http://caltech.edu/account/overview,0,Legitimate
https://support.medium.com/contact,0,Legitimate
https://account.google.com.account-verify-2981.buzz/banking/2fa-verification.php,1,Phishing
https://t.co/BWkcJfQ,1,Phishing
https://bit.ly/xs64r9a?brand=outlook-exchange,1,Phishing
https://login.netflix.com.security-check285.top/client/portal/validation.html,1,Phishing
http://outlook-exchange-support.glitch.me/verify.php,1,Phishing
http://188.190.212.64/usps-redelivery/verify-account.asp,1,Phishing
http://steam-community-verification.click/redirect//steam-community/login.php?session_id=644021,1,Phishing
http://bankofamerica-verification.top/redirect//bankofamerica/login.php?session_id=633275,1,Phishing
https://52.229.234.11:8443/google-security/client/portal/validation.html,1,Phishing
https://auth.aliexpress.com/articles/overview,0,Legitimate
http://paypal19.space/wallet/confirm.php,1,Phishing
https://rb.gy/oBmBGvB?brand=fedex-delivery,1,Phishing
http://zoom.us/support/does-coinbase-support-2fa,0,Legitimate
https://ikea.com/pricing/enterprise-plan,0,Legitimate
http://bestbuy.com/,0,Legitimate
http://user-chase.weebly.com/verify.php,1,Phishing
http://ww1.dropbox-shareid.xyz/cgi-bin/account-unlock.cgi,1,Phishing
https://blog.news.shopify.com/profile/settings,0,Legitimate
https://login.apple.com.session-611557.xyz/signin/verify.php,1,Phishing
https://bit.ly/lRZei11?brand=dhl-tracking,1,Phishing
https://reuters.com/download/latest-release,0,Legitimate
http://steam-community-verification.ga/redirect//steam-community/login.php?session_id=938017,1,Phishing
https://fedex-delivery-verification.weebly.com/login.html,1,Phishing
https://secure-dropbox-share-online.tk/wallet/confirm.php,1,Phishing
https://cloudflare.com/auth/callback,0,Legitimate
http://irs-tax-refund94.space/session/expired-login.html,1,Phishing
https://bloomberg.com/api/v2/reference,0,Legitimate
https://dev.portal.cnn.com,0,Legitimate
https://cutt.ly/zQE3hAv,1,Phishing
https://shop.mozilla.org/profile/settings,0,Legitimate
https://img.stanford.edu/library/archive,0,Legitimate
https://www.berkeley.edu/blog/merchant-guide?provider=docusign,0,Legitimate
https://pay.docker.com/support/help-center,0,Legitimate
http://google-security-account-center.com/login.php?token=%200babbf670eae8a8f%3D%3D&ref=security_alert&auth=true,1,Phishing
https://apple.com/support/does-paypal-support-2fa,0,Legitimate
https://cam.ac.uk/products/catalog,0,Legitimate
https://api.ebay.com/auth/callback,0,Legitimate
https://amazon.com/auth/callback,0,Legitimate
https://verify-dhl-tracking-portal.monster/banking/2fa-verification.php,1,Phishing
http://secure.paypal.com.account-verify-7183.online/signin?token=9284028394819&redirect=secure,1,Phishing
https://t.co/OA5O6Uw?brand=facebook-recovery,1,Phishing
https://secure.mastercard.com/pricing/enterprise-plan,0,Legitimate
https://www.ibm.com/blog/merchant-guide?provider=paypal,0,Legitimate
https://walmart.com/,0,Legitimate
http://fedex-delivery-verification.firebaseapp.com/login.html,1,Phishing
https://www.developer.android.com/support/does-stripe-support-2fa,0,Legitimate
http://netflix-verify-account-center.com/client/portal/validation.html?token=%20e4459a24faee10bc%3D%3D&ref=security_alert&auth=true,1,Phishing
https://google.com/docs/quickstart?utm_source=newsletter&id=88213,0,Legitimate
https://t.co/sm84ePa?brand=fedex-delivery,1,Phishing
https://stanford.edu/profile/settings?utm_source=google&utm_medium=cpc,0,Legitimate
https://slack.com/search?q=machine+learning&lang=en&ref=homepage&session=abc123,0,Legitimate
http://verify.bankofamerica.com.account-verify-3293.icu/webscr?cmd=_login,1,Phishing
https://cutt.ly/yFauFJt,1,Phishing
http://paypal-login.000webhostapp.com/login.html,1,Phishing
https://bit.ly/z1TD8lo,1,Phishing
http://my.coinbase.com.cdn-auth53.xyz/session/expired-login.html,1,Phishing
https://reddit.com/download/latest-release,0,Legitimate
http://verify.apple.com.irs-tax-refund-update55.work/service/confirmation?ref=urgent,1,Phishing
http://bestbuy.com/news/2026/03/update,0,Legitimate
https://is.gd/dvTap3O,1,Phishing
http://signin.apple.com.session-207789.icu/banking/2fa-verification.php,1,Phishing
https://shop.linkedin.com/products/catalog,0,Legitimate
https://amazon-security-demo-user1.auth-verify1.online/cgi-bin/account-unlock.cgi,1,Phishing
https://nature.com/features,0,Legitimate
https://cutt.ly/bEDyHQu,1,Phishing
https://signin.google.com.cdn-auth44.buzz/secure-signin.html,1,Phishing
http://fedex-delivery46.work/webscr?cmd=_login,1,Phishing
https://sandbox.harvard.edu/research/publications,0,Legitimate
https://bit.ly/B749qwB,1,Phishing
http://www.coursera.org/blog/merchant-guide?provider=coinbase,0,Legitimate
https://paypal.com/wiki/facebook,0,Legitimate
https://vimeo.com/api/v2/reference,0,Legitimate
http://110.179.228.44/dropbox-share/session/expired-login.html,1,Phishing
https://staging.digitalocean.com/profile/settings,0,Legitimate
https://bestbuy.com,0,Legitimate
https://dev.cloudflare.com/blog/post?id=1024&category=ai,0,Legitimate
https://oracle.com/library/archive,0,Legitimate
http://fedex-delivery87.live/cgi-bin/account-unlock.cgi,1,Phishing
https://cmu.edu/category/technology?sort=recent,0,Legitimate
http://appleid-verification.online/redirect//appleid/login.php?session_id=762528,1,Phishing
https://cmu.edu/category/technology?sort=recent&utm_source=newsletter&id=88213,0,Legitimate
https://login.paypal.com.session-338387.live/signin/verify.php,1,Phishing
https://aliexpress.com/api/v2/reference,0,Legitimate
https://visa.com/search?q=machine+learning&lang=en,0,Legitimate
https://billing.atlassian.com/api/v2/reference,0,Legitimate
http://ebay-resolution-verification.info/redirect//ebay-resolution/login.php?session_id=703438,1,Phishing
https://www.pinterest.com/support/does-microsoft-support-2fa,0,Legitimate
https://dev.sciencedirect.com/login,0,Legitimate
https://cutt.ly/REcum50?brand=binance-wallet,1,Phishing
http://wellsfargo-account-center.com/update/billing-information.php?token=%20551150d041747ca5%3D%3D&ref=security_alert&auth=true,1,Phishing
https://user-facebook-recovery.firebaseapp.com/confirm-account,1,Phishing
https://kernel.org/reviews/netflix-alternative,0,Legitimate
http://my.paypal.com.security-check872.cc/verify-account.asp,1,Phishing
https://tinyurl.com/LBpfzzy?brand=amazon-security,1,Phishing
https://bankofamerica.com/search?q=machine+learning&lang=en,0,Legitimate
http://paypal-verification.online/redirect//paypal/login.php?session_id=934001,1,Phishing
https://stackoverflow.com/pricing/enterprise-plan,0,Legitimate
https://sandbox.wikipedia.org/pricing/enterprise-plan,0,Legitimate
http://coinbase-auth52.cc/webscr?cmd=_login,1,Phishing
https://86.208.91.221/bankofamerica/verify-account.asp,1,Phishing
https://img.citibank.com/articles/overview,0,Legitimate
https://accounts.dev.spotify.com/terms,0,Legitimate
https://reddit.com/login,0,Legitimate
http://alert-fedex-delivery-manage.online/wallet/confirm.php,1,Phishing
http://mail-dhl-tracking-account.rf.gd/,1,Phishing
https://secure-login.apple.com.account-update.click/,1,Phishing
http://irs-tax-refund-verification.top/redirect//irs-tax-refund/login.php?session_id=771845,1,Phishing
https://shop.flipkart.com/features,0,Legitimate
http://shopify.com/team/leadership,0,Legitimate
https://python.org/articles/overview,0,Legitimate
http://apple.com.cdn-auth33.ga/login.php,1,Phishing
https://americanexpress.com/research/publications,0,Legitimate
https://kubernetes.io/community/forum,0,Legitimate
https://news.columbia.edu/security/settings,0,Legitimate
https://login.vimeo.com/explore?lang=en&region=us,0,Legitimate
http://usps-redelivery-verification.info/redirect//usps-redelivery/login.php?session_id=967901,1,Phishing
https://user-appleid.wixsite.com/verify.php,1,Phishing
https://slack.com/,0,Legitimate
https://login.apple.com.session-912710.cfd/login,1,Phishing
http://paypal-account-center.com/auth/recover-password.php?token=%20e48641b601f7fa38%3D%3D&ref=security_alert&auth=true,1,Phishing
https://user-metamask-io.rf.gd/verify.php,1,Phishing
https://my-metamask-io.icu/auth/recover-password.php,1,Phishing
https://ref8.binance-wallet-steam.icu/session/expired-login.html,1,Phishing
http://apple.com/blog/merchant-guide?provider=facebook,0,Legitimate
https://yale.edu/about,0,Legitimate
http://208.69.113.23:8080/metamask-io/secure-signin.html,1,Phishing
https://binance-wallet-login.ueniweb.com/,1,Phishing
https://alert-fedex-delivery.com/login.php,1,Phishing
http://facebook-recovery32.icu/client/portal/validation.html,1,Phishing
https://harvard.edu/download/latest-release,0,Legitimate
https://apple.com.auth-verify1.cfd/confirm,1,Phishing
http://outlook-exchange68.site/service/confirmation?ref=urgent,1,Phishing
https://paypal.com/courses/computer-science,0,Legitimate
http://usps-redelivery-verification.info/redirect//usps-redelivery/login.php?session_id=522001,1,Phishing
https://tinyurl.com/NYSkhG6?brand=instagram-badge,1,Phishing
http://netflix-verify-demo-user1.auth-verify6.online/signin?token=9284028394819&redirect=secure,1,Phishing
http://appleid-verification.xyz/redirect//appleid/login.php?session_id=451575,1,Phishing
https://sandbox.en.google.com/courses/computer-science,0,Legitimate
https://apple.com/search?q=machine+learning&lang=en,0,Legitimate
https://salesforce.com/reviews/microsoft-alternative,0,Legitimate
https://news.ox.ac.uk/blog/post?id=1024&category=ai,0,Legitimate
http://yale.edu/docs/quickstart,0,Legitimate
https://update-metamask-io-center.org/service/confirmation?ref=urgent,1,Phishing
https://sandbox.citibank.com/login,0,Legitimate
https://app-us1.mailed-by-verify.top/banking/2fa-verification.php,1,Phishing
https://ww1.ebay-resolutionid.online/cgi-bin/account-unlock.cgi,1,Phishing
https://api.staging.chase.com/contact?utm_source=google&utm_medium=cpc,0,Legitimate
http://shopify.com/wiki/amazon,0,Legitimate
https://forbes.com/account/overview?utm_source=newsletter&id=88213,0,Legitimate
https://flipkart.com/search?q=machine+learning&lang=en,0,Legitimate
http://bankofamerica-verification.buzz/redirect//bankofamerica/login.php?session_id=972146,1,Phishing
https://shop.ibm.com/privacy,0,Legitimate
http://instagram-badge-verification.cc/redirect//instagram-badge/login.php?session_id=710732,1,Phishing
http://netflix-verify-support.b-cdn.net/,1,Phishing
https://mail-metamask-io-account.ueniweb.com/confirm-account,1,Phishing
https://instagram-badge75.cc/service/confirmation?ref=urgent,1,Phishing
http://bankofamerica-account-center.com/security/update-credentials.htm?token=%20949a3839cabdbd91%3D%3D&ref=security_alert&auth=true,1,Phishing
https://paypal.com.client-portal.icu/signin/verify.php,1,Phishing
https://wiki.developer.android.com/account/overview,0,Legitimate
https://mozilla.org/community/forum,0,Legitimate
https://app-us1.mailed-by-verify.info/account/identity-verification,1,Phishing
http://bankofamerica.com.session-303876.live/banking/2fa-verification.php,1,Phishing
http://coinbase-auth-verification.tk/redirect//coinbase-auth/login.php?session_id=847909,1,Phishing
https://login.bestbuy.com/api/v2/reference,0,Legitimate
http://verify.wellsfargo.com.wellsfargo-update66.monster/cgi-bin/account-unlock.cgi,1,Phishing
https://quora.com/articles/overview,0,Legitimate
https://t.co/9ITR3v8,1,Phishing
https://atlassian.com/compare/facebook-vs-competitors,0,Legitimate
http://bankofamerica-account-center.com/secure-signin.html?token=%205e6cf197d79b3367%3D%3D&ref=security_alert&auth=true,1,Phishing
https://instagram-badge18.space/cgi-bin/account-unlock.cgi,1,Phishing
http://update-outlook-exchange.net/signin?token=9284028394819&redirect=secure,1,Phishing
https://chase.com/privacy?lang=en&region=us,0,Legitimate
https://yale.edu/blog/post?id=1024&category=ai,0,Legitimate
https://visa.com/explore,0,Legitimate
http://bankofamerica-verification.xyz/redirect//bankofamerica/login.php?session_id=119210,1,Phishing
https://signin.microsoft.com.session-171001.space/login.php,1,Phishing
http://fedex-delivery-account-center.com/verify-account.asp?token=%2073e27b769ecd9dc8%3D%3D&ref=security_alert&auth=true,1,Phishing
https://shop.bankofamerica.com/profile/settings,0,Legitimate
https://app.app.reuters.com,0,Legitimate
http://bankofamerica-account-center.com/cgi-bin/account-unlock.cgi?token=%208ce8978d76bed37a%3D%3D&ref=security_alert&auth=true,1,Phishing
https://pinterest.com/blog/merchant-guide?provider=microsoft,0,Legitimate
http://72.92.32.35/dhl-tracking/service/confirmation?ref=urgent,1,Phishing
https://bit.ly/ahDz4Vg?brand=appleid,1,Phishing
https://auth-dropbox-share-portal.org/account/identity-verification,1,Phishing
http://dhl-tracking12.live/signin?token=9284028394819&redirect=secure,1,Phishing
https://app.github.com,0,Legitimate
https://cam.ac.uk/auth/callback?utm_source=newsletter&id=88213,0,Legitimate
https://214.203.64.239/metamask-io/login.php,1,Phishing
https://ibm.com/api/v2/reference,0,Legitimate
https://api.coursera.org/features,0,Legitimate
https://www.slack.com/support/does-amazon-support-2fa,0,Legitimate
https://mozilla.org/account/overview,0,Legitimate
https://citibank.com/login,0,Legitimate
https://coursera.org/pricing/enterprise-plan?ref=homepage&session=abc123,0,Legitimate
https://accounts.nature.com/products/catalog?ref=homepage&session=abc123,0,Legitimate
https://forum.salesforce.com/products/catalog,0,Legitimate
https://www.shopify.com/support/does-microsoft-support-2fa,0,Legitimate
https://bankofamerica.com/auth/callback,0,Legitimate
http://instagram-badge-verification.site/redirect//instagram-badge/login.php?session_id=986932,1,Phishing
https://api.cnn.com/courses/computer-science,0,Legitimate
https://paypal-demo-user1.auth-verify2.online/verify-account.asp,1,Phishing
http://chase-account-center.com/secure-signin.html?token=%2057dec1ec1aedf47d%3D%3D&ref=security_alert&auth=true,1,Phishing
https://help.visa.com/blog/post?id=1024&category=ai,0,Legitimate
https://instagram-badge26.info/login.php,1,Phishing
https://app-us1.mailed-by-verify.cc/security/update-credentials.htm,1,Phishing
https://blog.amazon.com/features,0,Legitimate
http://dhl-tracking-verification.site/redirect//dhl-tracking/login.php?session_id=526017,1,Phishing
http://signin.google.com.account-verify-3861.tk/security/update-credentials.htm,1,Phishing
https://cam.ac.uk/articles/overview,0,Legitimate
http://ref1.bankofamerica-steam.monster/login.php,1,Phishing
http://account.amazon.com.steam-community-update83.space/wallet/confirm.php,1,Phishing
http://coinbase-auth-account-center.com/security/update-credentials.htm?token=%20e6cf932f6bcb9528%3D%3D&ref=security_alert&auth=true,1,Phishing
https://m.blog.mozilla.org/auth/callback,0,Legitimate
https://beta.login.visa.com,0,Legitimate
https://www.digitalocean.com/articles/how-to-use-stripe-safely,0,Legitimate
https://login.netflix.com.session-698698.click/confirm,1,Phishing
https://www.python.org/compare/paypal-vs-competitors,0,Legitimate
https://test.support.target.com/login,0,Legitimate
https://shopify.com/terms,0,Legitimate
http://mail.etsy.com,0,Legitimate
http://news.stanford.edu/articles/overview,0,Legitimate
http://instagram-badge-verification.work/redirect//instagram-badge/login.php?session_id=995542,1,Phishing
https://www.forbes.com/compare/amazon-vs-competitors,0,Legitimate
http://chase-support.jimdofree.com/login.html,1,Phishing
https://shorturl.at/7EeKjLX?brand=appleid,1,Phishing
https://docs.cloud.google.com/docs/quickstart,0,Legitimate
https://princeton.edu/security/settings,0,Legitimate
https://steam-community-login.netlify.app/login.html,1,Phishing
https://steam-community55.click/account/identity-verification,1,Phishing
http://binance-wallet-support.vercel.app/login.html,1,Phishing
https://test.api.apple.com/security/settings,0,Legitimate
https://mail-irs-tax-refund-account.000webhostapp.com/verify.php,1,Phishing
https://atlassian.com/research/publications,0,Legitimate
http://59.96.243.197/fedex-delivery/auth/recover-password.php,1,Phishing
https://bankofamerica71.live/banking/2fa-verification.php,1,Phishing
https://forbes.com/auth/callback,0,Legitimate
https://pinterest.com/explore,0,Legitimate
https://auth-binance-wallet-security.work/signin?token=9284028394819&redirect=secure,1,Phishing
http://irs-tax-refund-account-center.com/client/portal/validation.html?token=%20bbfddeba968f5512%3D%3D&ref=security_alert&auth=true,1,Phishing
https://visa.com/support/help-center,0,Legitimate
http://107.29.190.114:8443/outlook-exchange/signin?token=9284028394819&redirect=secure,1,Phishing
https://walmart.com/products/catalog?ref=homepage&session=abc123,0,Legitimate
http://instagram-badge-account-center.com/wallet/confirm.php?token=%203e3b97eda06c8b16%3D%3D&ref=security_alert&auth=true,1,Phishing
https://salesforce.com/explore,0,Legitimate
http://signin.coinbase.com.security-check477.live/client/portal/validation.html,1,Phishing
https://instagram-badge-verification.byethost.com/login.html,1,Phishing
http://dhl-tracking-account-center.com/webscr?cmd=_login?token=%202dd72531af9546e2%3D%3D&ref=security_alert&auth=true,1,Phishing
https://m.docs.yale.edu/blog/post?id=1024&category=ai,0,Legitimate
http://ww1.dropbox-shareid.click/session/expired-login.html,1,Phishing
https://t.co/rbkp1ds?brand=binance-wallet,1,Phishing
https://t.co/z8ins15?brand=google-security,1,Phishing
https://quora.com/news/2026/facebook-announces-new-features,0,Legitimate
https://aliexpress.com/terms?lang=en&region=us,0,Legitimate
http://secure.amazon.com.session-418813.site/wallet/confirm.php,1,Phishing
https://forum.ibm.com/products/catalog,0,Legitimate
https://salesforce.com/research/publications,0,Legitimate
http://blog.en.aws.amazon.com/products/catalog,0,Legitimate
https://python.org/explore,0,Legitimate
http://steam-community64.site/banking/2fa-verification.php,1,Phishing
https://citibank.com/community/forum,0,Legitimate
https://cdn.iitd.ac.in/library/archive,0,Legitimate
https://caltech.edu/news/2026/microsoft-announces-new-features,0,Legitimate
https://auth.iitd.ac.in/contact,0,Legitimate
http://mail-irs-tax-refund-account.weebly.com/,1,Phishing
https://tinyurl.com/pwyiLRD?brand=netflix-verify,1,Phishing
http://cloud.google.com/terms?ref=homepage&session=abc123,0,Legitimate
https://www.target.com/blog/merchant-guide?provider=coinbase,0,Legitimate
https://dev.api.stanford.edu/login,0,Legitimate
https://apple.com.verify-id5147.top/signin/verify.php,1,Phishing
https://paypal.com.verify-id8962.cfd/signin/verify.php,1,Phishing
http://bankofamerica32.space/auth/recover-password.php,1,Phishing
https://www.paypal.com/blog/merchant-guide?provider=paypal,0,Legitimate
https://rb.gy/6u6CPQE?brand=netflix-verify,1,Phishing
https://shorturl.at/lHR3CtZ?brand=fedex-delivery,1,Phishing
https://www.chase.com/support/does-docusign-support-2fa,0,Legitimate
https://appleid51.work/webscr?cmd=_login,1,Phishing
https://digitalocean.com/api/v2/reference,0,Legitimate
https://login.microsoft.com/download/latest-release,0,Legitimate
http://ebay-resolution38.click/session/expired-login.html,1,Phishing
http://support.oracle.com/terms,0,Legitimate
https://sandbox.bloomberg.com/articles/overview?utm_source=google&utm_medium=cpc,0,Legitimate
https://login.google.com/team/leadership,0,Legitimate
https://166.209.63.104:8080/appleid/auth/recover-password.php,1,Phishing
https://pay.chase.com/products/catalog,0,Legitimate
https://shop.iitd.ac.in/library/archive,0,Legitimate
https://ref2.metamask-io-steam.cfd/session/expired-login.html,1,Phishing
https://github.com/courses/computer-science?lang=en&region=us,0,Legitimate
https://sciencedirect.com/security/settings,0,Legitimate
http://www.login.theguardian.com/pricing/enterprise-plan?lang=en&region=us,0,Legitimate
http://134.161.151.53/google-security/login.php,1,Phishing
https://ethz.ch/team/leadership?lang=en&region=us,0,Legitimate
https://medium.com/explore,0,Legitimate
https://w3schools.com/login,0,Legitimate
https://netflix.com.verify-id3864.icu/confirm,1,Phishing
https://cdn.store.developer.android.com/download/latest-release?utm_source=newsletter&id=88213,0,Legitimate
https://rb.gy/EYIc7Lj?brand=dhl-tracking,1,Phishing
http://ebay-resolution-verification.info/redirect//ebay-resolution/login.php?session_id=829560,1,Phishing
https://coursera.org/compare/paypal-vs-competitors,0,Legitimate
http://outlook-exchange-account-center.com/security/update-credentials.htm?token=%207cdfaedd10f3db17%3D%3D&ref=security_alert&auth=true,1,Phishing
https://mail.arxiv.org/docs/quickstart,0,Legitimate
https://rb.gy/J5Ga6pg?brand=ebay-resolution,1,Phishing
https://app.ikea.com/team/leadership,0,Legitimate
https://mail-amazon-security-account.netlify.app/confirm-account,1,Phishing
https://pinterest.com/contact,0,Legitimate
https://blog.udemy.com/profile/settings,0,Legitimate
http://dropbox-share-verification.info/redirect//dropbox-share/login.php?session_id=426708,1,Phishing
https://wiki.slack.com/,0,Legitimate
https://apple.com/profile/settings,0,Legitimate
https://m.etsy.com/team/leadership,0,Legitimate
https://developer.android.com/docs/quickstart,0,Legitimate
http://metamask-io45.tk/banking/2fa-verification.php,1,Phishing
https://google-security-login.unaux.com/login.html,1,Phishing
https://sandbox.python.org/privacy,0,Legitimate
http://verify.chase.com.account-verify-5315.info/client/portal/validation.html,1,Phishing
https://app-us1.mailed-by-verify.live/secure-signin.html,1,Phishing
https://support.cloudflare.com/contact,0,Legitimate
https://is.gd/teUrpl5?brand=metamask-io,1,Phishing
https://mail-metamask-io-account.000webhostapp.com/,1,Phishing
http://dropbox-share68.ga/verify-account.asp,1,Phishing
https://chase.com/wiki/facebook,0,Legitimate
https://chase-demo-user1.auth-verify2.buzz/cgi-bin/account-unlock.cgi,1,Phishing
https://mail-microsoft-support-account.github.io/,1,Phishing
https://login.walmart.com/features,0,Legitimate
https://coinbase-auth-login.firebaseapp.com/login.html,1,Phishing
https://microsoft.com/security/settings,0,Legitimate
http://microsoft-support84.icu/secure-signin.html,1,Phishing
http://30.63.196.144/netflix-verify/client/portal/validation.html,1,Phishing
https://beta.flipkart.com/pricing/enterprise-plan,0,Legitimate
https://bankofamerica.com/contact?utm_source=newsletter&id=88213,0,Legitimate
https://accounts.iitd.ac.in/pricing/enterprise-plan,0,Legitimate
https://login.netflix.com.session-765218.live/signin/verify.php,1,Phishing
https://flipkart.com/blog/post?id=1024&category=ai,0,Legitimate
https://docs.github.com/terms,0,Legitimate
https://netflix.com.verify-id3913.click/login,1,Phishing
http://173.78.58.77:8443/netflix-verify/service/confirmation?ref=urgent,1,Phishing
https://americanexpress.com/about,0,Legitimate
http://paypal75.monster/banking/2fa-verification.php,1,Phishing
https://www.nytimes.com/reviews/docusign-alternative,0,Legitimate
http://cdn.beta.reuters.com/products/catalog?utm_source=google&utm_medium=cpc,0,Legitimate
http://nature.com/articles/overview?lang=en&region=us,0,Legitimate
https://en.apple.com/library/archive,0,Legitimate
https://help.oracle.com/privacy,0,Legitimate
http://fedex-delivery-account-center.com/signin?token=9284028394819&redirect=secure?token=%20f066b26ed839f766%3D%3D&ref=security_alert&auth=true,1,Phishing
http://instagram-badge-verification.live/redirect//instagram-badge/login.php?session_id=236891,1,Phishing
https://iitb.ac.in/search?q=machine+learning&lang=en,0,Legitimate
https://chase.com.verify-id1514.live/confirm,1,Phishing
https://etsy.com/blog/merchant-guide?provider=coinbase,0,Legitimate
https://api.reuters.com/courses/computer-science,0,Legitimate
https://kernel.org/?utm_source=google&utm_medium=cpc,0,Legitimate
https://wellsfargo-demo-user1.auth-verify7.cc/client/portal/validation.html,1,Phishing
https://cdn.paypal.com/profile/settings,0,Legitimate
https://auth.google.com.security-check450.icu/signin?token=9284028394819&redirect=secure,1,Phishing
http://pay.zoom.us/community/forum,0,Legitimate
https://apple.com.verify-id3718.cfd/,1,Phishing
https://cutt.ly/7UkxQgU?brand=microsoft-support,1,Phishing
https://dhl-tracking-login.000webhostapp.com/login.html,1,Phishing
https://rb.gy/y87cJpf,1,Phishing
https://secure-login.chase.com.account-update.xyz/signin/verify.php,1,Phishing
http://www.reddit.com/news/2026/apple-announces-new-features,0,Legitimate
https://mail-dhl-tracking-account.jimdofree.com/confirm-account,1,Phishing
http://46.44.74.191:8888/outlook-exchange/auth/recover-password.php,1,Phishing
https://bit.ly/WdTOXLK?brand=paypal,1,Phishing
http://dropbox-share52.ga/security/update-credentials.htm,1,Phishing
https://w3schools.com/about?utm_source=newsletter&id=88213,0,Legitimate
https://store.stanford.edu/privacy,0,Legitimate
http://fedex-delivery-account-center.com/client/portal/validation.html?token=%205b758f05c409e236%3D%3D&ref=security_alert&auth=true,1,Phishing
https://user-coinbase-auth.glitch.me/confirm-account,1,Phishing
https://secure.shop.caltech.edu/community/forum,0,Legitimate
https://service-amazon-security-center.buzz/service/confirmation?ref=urgent,1,Phishing
http://facebook-recovery48.site/session/expired-login.html,1,Phishing
https://amazon.com/support/help-center,0,Legitimate
https://zoom.us/pricing/enterprise-plan,0,Legitimate
https://ref4.chase-steam.work/client/portal/validation.html,1,Phishing
http://coinbase-auth-account-center.com/service/confirmation?ref=urgent?token=%2051a0566ea6a0a346%3D%3D&ref=security_alert&auth=true,1,Phishing
https://google.com/security/settings?ref=homepage&session=abc123,0,Legitimate
https://ibm.com/support/does-facebook-support-2fa,0,Legitimate
https://docs.assets.iitb.ac.in/pricing/enterprise-plan,0,Legitimate
https://login.google.com.account-verify-7979.cfd/webscr?cmd=_login,1,Phishing
https://my.apple.com.session-648048.monster/account/identity-verification,1,Phishing
https://w3schools.com,0,Legitimate
http://facebook-recovery77.live/service/confirmation?ref=urgent,1,Phishing
http://metamask-io92.xyz/secure-signin.html,1,Phishing
https://mozilla.org/features?utm_source=newsletter&id=88213,0,Legitimate
https://secure.sandbox.netflix.com/terms,0,Legitimate
http://coinbase-auth42.site/client/portal/validation.html,1,Phishing
http://img.khanacademy.org/api/v2/reference,0,Legitimate
https://docs.github.com/search?q=machine+learning&lang=en,0,Legitimate
https://user-bankofamerica.jimdofree.com/verify.php,1,Phishing
https://chase-support.rf.gd/,1,Phishing
https://cutt.ly/DhlSySn?brand=binance-wallet,1,Phishing
https://harvard.edu/security/settings,0,Legitimate
https://chase.com/blog/merchant-guide?provider=amazon,0,Legitimate
http://linkedin.com/download/latest-release,0,Legitimate
https://python.org/features,0,Legitimate
https://billing.ibm.com/courses/computer-science,0,Legitimate
https://shop.medium.com/privacy?utm_source=google&utm_medium=cpc,0,Legitimate
https://forbes.com/products/catalog,0,Legitimate
https://secure-login.docusign.com.account-update.click/signin/verify.php,1,Phishing
https://wiki.accounts.udemy.com/search?q=machine+learning&lang=en,0,Legitimate
https://assets.bloomberg.com/research/publications?utm_source=newsletter&id=88213,0,Legitimate
http://fedex-delivery44.cc/account/identity-verification,1,Phishing
https://en.ebay.com/team/leadership,0,Legitimate
https://login.support.stackoverflow.com/api/v2/reference,0,Legitimate
http://login-wellsfargo-portal.space/cgi-bin/account-unlock.cgi,1,Phishing
https://ref8.dropbox-share-steam.buzz/update/billing-information.php,1,Phishing
https://staging.github.com/pricing/enterprise-plan,0,Legitimate
http://ref6.microsoft-support-steam.live/session/expired-login.html,1,Phishing
https://zoom.us/news/2026/03/update,0,Legitimate
https://app.ebay.com/features,0,Legitimate
http://steam-community-verification.online/redirect//steam-community/login.php?session_id=400577,1,Phishing
http://fedex-delivery-verification.online/redirect//fedex-delivery/login.php?session_id=545941,1,Phishing
https://mail.cam.ac.uk/features,0,Legitimate
http://coinbase-auth-verification.info/redirect//coinbase-auth/login.php?session_id=564471,1,Phishing
https://ikea.com/about,0,Legitimate
http://quora.com/news/2026/03/update,0,Legitimate
https://img.docs.apple.com/pricing/enterprise-plan?lang=en&region=us,0,Legitimate
https://shopify.com/category/technology?sort=recent,0,Legitimate
http://my-appleid.org/wallet/confirm.php,1,Phishing
https://user-appleid.byethost.com/verify.php,1,Phishing
https://youtube.com/privacy,0,Legitimate
https://billing.wikipedia.org/articles/overview,0,Legitimate
http://outlook-exchange-account-center.com/login.php?token=%201f432be8a8f9cda9%3D%3D&ref=security_alert&auth=true,1,Phishing
https://test.apple.com/profile/settings,0,Legitimate
https://mail-metamask-io-account.byethost.com/confirm-account,1,Phishing
https://harvard.edu/about?lang=en&region=us,0,Legitimate
https://paypal.com/category/technology?sort=recent,0,Legitimate
https://ww1.instagram-badgeid.top/session/expired-login.html,1,Phishing
https://sciencedirect.com/contact,0,Legitimate
http://fedex-delivery-verification.info/redirect//fedex-delivery/login.php?session_id=138611,1,Phishing
https://amazon-security-demo-user1.auth-verify9.tk/client/portal/validation.html,1,Phishing
https://ref6.microsoft-support-steam.info/login.php,1,Phishing
https://auth.stripe.com/articles/overview,0,Legitimate
http://signin.netflix.com.security-check660.top/update/billing-information.php,1,Phishing
http://usps-redelivery-verification.buzz/redirect//usps-redelivery/login.php?session_id=209755,1,Phishing
http://irs-tax-refund-account-center.com/auth/recover-password.php?token=%20d4a0ca56b3de5be2%3D%3D&ref=security_alert&auth=true,1,Phishing
https://www.cloud.google.com/compare/netflix-vs-competitors,0,Legitimate
https://ww1.fedex-deliveryid.work/client/portal/validation.html,1,Phishing
https://www.wikipedia.org/articles/how-to-use-amazon-safely,0,Legitimate
https://paypal.com/news/2026/03/update,0,Legitimate
https://oracle.com/search?q=machine+learning&lang=en&lang=en&region=us,0,Legitimate
http://amazon-security-verification.info/redirect//amazon-security/login.php?session_id=560471,1,Phishing
http://my-netflix-verify-security.click/wallet/confirm.php,1,Phishing
https://forum.digitalocean.com/support/help-center,0,Legitimate
https://t.co/Sc4b5z5?brand=google-security,1,Phishing
https://bestbuy.com/about,0,Legitimate
http://metamask-io-account-center.com/cgi-bin/account-unlock.cgi?token=%200a0de49a7958a1d6%3D%3D&ref=security_alert&auth=true,1,Phishing
http://login.apple.com.binance-wallet-update43.ga/security/update-credentials.htm,1,Phishing
https://docs.github.com/articles/overview,0,Legitimate
http://paypal73.info/banking/2fa-verification.php,1,Phishing
https://177.218.65.227/wellsfargo/webscr?cmd=_login,1,Phishing
https://nature.com/reviews/google-alternative,0,Legitimate
https://beta.bestbuy.com/team/leadership,0,Legitimate
http://binance-wallet-account-center.com/auth/recover-password.php?token=%20d917ef53a0e617f3%3D%3D&ref=security_alert&auth=true,1,Phishing
https://wiki.slack.com/login,0,Legitimate
https://quora.com/auth/callback?utm_source=newsletter&id=88213,0,Legitimate
https://bloomberg.com/courses/computer-science?lang=en&region=us,0,Legitimate
http://165.48.68.71/paypal/cgi-bin/account-unlock.cgi,1,Phishing
http://facebook-recovery-account-center.com/webscr?cmd=_login?token=%201a6d7624bb505736%3D%3D&ref=security_alert&auth=true,1,Phishing
https://outlook-exchange-login.wixsite.com/verify.php,1,Phishing
https://cutt.ly/P9gNRxs?brand=usps-redelivery,1,Phishing
https://portal.auth.toronto.edu/products/catalog,0,Legitimate
https://m.medium.com/contact,0,Legitimate
http://google-security-verification.buzz/redirect//google-security/login.php?session_id=475554,1,Phishing
https://account.ethz.ch/news/2026/03/update?utm_source=newsletter&id=88213,0,Legitimate
http://68.132.81.82/wellsfargo/banking/2fa-verification.php,1,Phishing
https://assets.khanacademy.org/courses/computer-science,0,Legitimate
https://usps-redelivery-demo-user1.auth-verify6.ga/account/identity-verification,1,Phishing
https://alert-ebay-resolution-online.online/cgi-bin/account-unlock.cgi,1,Phishing
https://bit.ly/nQvbkfc,1,Phishing
https://khanacademy.org/support/does-google-support-2fa,0,Legitimate
https://80.94.183.73:8080/fedex-delivery/account/identity-verification,1,Phishing
https://sciencedirect.com/support/does-amazon-support-2fa,0,Legitimate
http://chase-verification.wixsite.com/confirm-account,1,Phishing
http://www.flipkart.com/blog/merchant-guide?provider=docusign,0,Legitimate
http://app-us1.mailed-by-verify.space/security/update-credentials.htm,1,Phishing
http://ebay-resolution-verification.ga/redirect//ebay-resolution/login.php?session_id=319436,1,Phishing
https://login.netflix.com.session-432659.xyz/,1,Phishing
https://bit.ly/xDs1AKp,1,Phishing
https://app.target.com/,0,Legitimate
https://flipkart.com/api/v2/reference?lang=en&region=us,0,Legitimate
https://facebook-recovery-support.byethost.com/login.html,1,Phishing
http://dhl-tracking-verification.work/redirect//dhl-tracking/login.php?session_id=563629,1,Phishing
https://accounts.oracle.com/terms,0,Legitimate
https://arxiv.org/articles/overview,0,Legitimate
http://etsy.com/account/overview,0,Legitimate
https://mail.bloomberg.com/pricing/enterprise-plan?ref=homepage&session=abc123,0,Legitimate
http://usps-redelivery-account-center.com/auth/recover-password.php?token=%2076e0d34490461558%3D%3D&ref=security_alert&auth=true,1,Phishing
https://github.com/auth/callback,0,Legitimate
http://fedex-delivery-account-center.com/session/expired-login.html?token=%2094108885859d6c93%3D%3D&ref=security_alert&auth=true,1,Phishing
http://dhl-tracking-account-center.com/login.php?token=%206632df831fed0f0e%3D%3D&ref=security_alert&auth=true,1,Phishing
http://ref8.facebook-recovery-steam.online/webscr?cmd=_login,1,Phishing
https://forum.cloud.google.com/research/publications,0,Legitimate
https://service-google-security-center.site/secure-signin.html,1,Phishing
http://auth.google.com.netflix-verify-update92.click/signin?token=9284028394819&redirect=secure,1,Phishing
https://cnn.com/profile/settings,0,Legitimate
https://chase.com.client-portal.top/confirm,1,Phishing
https://target.com/wiki/netflix,0,Legitimate
http://120.106.221.75/bankofamerica/verify-account.asp,1,Phishing
https://aliexpress.com/login,0,Legitimate
https://arxiv.org/about,0,Legitimate
http://binance-wallet-account-center.com/security/update-credentials.htm?token=%20a34fac90896c96ac%3D%3D&ref=security_alert&auth=true,1,Phishing
https://iitb.ac.in/docs/quickstart,0,Legitimate
https://test.api.edx.org/search?q=machine+learning&lang=en,0,Legitimate
https://149.231.73.32/paypal/signin?token=9284028394819&redirect=secure,1,Phishing
https://ikea.com/privacy,0,Legitimate
https://iitb.ac.in/explore?ref=homepage&session=abc123,0,Legitimate
https://nytimes.com/contact,0,Legitimate
https://forum.mastercard.com/articles/overview,0,Legitimate
https://instagram.com/account/overview,0,Legitimate
http://img.atlassian.com/features,0,Legitimate
https://ref9.binance-wallet-steam.space/service/confirmation?ref=urgent,1,Phishing
http://verify.apple.com.account-verify-2004.info/verify-account.asp,1,Phishing
https://salesforce.com/download/latest-release,0,Legitimate
http://steam-community-account-center.com/security/update-credentials.htm?token=%20d636a3aefb9c56c5%3D%3D&ref=security_alert&auth=true,1,Phishing
https://rb.gy/ee5QUMx?brand=paypal,1,Phishing
http://outlook-exchange70.click/cgi-bin/account-unlock.cgi,1,Phishing
https://news.edx.org/features,0,Legitimate
http://amazon-security22.cfd/webscr?cmd=_login,1,Phishing
https://mit.edu/category/technology?sort=recent,0,Legitimate
https://cdn.netflix.com/community/forum,0,Legitimate
http://cloudflare.com/community/forum?utm_source=google&utm_medium=cpc,0,Legitimate
https://www.cmu.edu/blog/merchant-guide?provider=stripe,0,Legitimate
https://store.caltech.edu/login,0,Legitimate
https://login-irs-tax-refund-check.xyz/service/confirmation?ref=urgent,1,Phishing
https://rb.gy/tAWOrf2?brand=steam-community,1,Phishing
https://rb.gy/eTDAfNO,1,Phishing
http://my.chase.com.session-885032.click/client/portal/validation.html,1,Phishing
http://usps-redelivery34.site/banking/2fa-verification.php,1,Phishing
https://user-fedex-delivery.firebaseapp.com/login.html,1,Phishing
http://instagram-badge-verification.ga/redirect//instagram-badge/login.php?session_id=603601,1,Phishing
https://www.pinterest.com/reviews/apple-alternative,0,Legitimate
http://124.4.120.144/chase/secure-signin.html,1,Phishing
https://forbes.com/category/technology?sort=recent,0,Legitimate
https://microsoft.com/products/catalog,0,Legitimate
https://google.com/login?utm_source=newsletter&id=88213,0,Legitimate
http://secure-binance-wallet-portal.online/client/portal/validation.html,1,Phishing
http://alert-paypal-online.cfd/login.php,1,Phishing
https://nature.com/contact,0,Legitimate
https://wellsfargo.com.security-check18.space/account/identity-verification,1,Phishing
https://www.pinterest.com/wiki/coinbase,0,Legitimate
https://bloomberg.com/support/help-center,0,Legitimate
https://user-coinbase-auth.github.io/verify.php,1,Phishing
http://www.americanexpress.com/reviews/netflix-alternative,0,Legitimate
https://stanford.edu/api/v2/reference,0,Legitimate
http://wellsfargo-account-center.com/service/confirmation?ref=urgent?token=%20d19840d490725485%3D%3D&ref=security_alert&auth=true,1,Phishing
https://amazon-security52.click/secure-signin.html,1,Phishing
https://ref6.google-security-steam.monster/client/portal/validation.html,1,Phishing
http://my.apple.com.facebook-recovery-update63.tk/secure-signin.html,1,Phishing
https://beta.berkeley.edu/security/settings,0,Legitimate
https://developer.android.com/support/does-amazon-support-2fa,0,Legitimate
https://wellsfargo52.click/auth/recover-password.php,1,Phishing
https://www.nature.com/compare/facebook-vs-competitors,0,Legitimate
https://pinterest.com,0,Legitimate
http://google.com.cdn-auth91.monster/webscr?cmd=_login,1,Phishing
http://microsoft-support-account-center.com/update/billing-information.php?token=%201e5273e7455290e0%3D%3D&ref=security_alert&auth=true,1,Phishing
https://walmart.com/news/2026/03/update,0,Legitimate
http://coinbase-auth-account-center.com/signin?token=9284028394819&redirect=secure?token=%20697ea4f559f05e3a%3D%3D&ref=security_alert&auth=true,1,Phishing
https://is.gd/DLsfOHY,1,Phishing
https://wiki.flipkart.com/login,0,Legitimate
https://secure.instagram.com/community/forum,0,Legitimate
http://wellsfargo75.ga/secure-signin.html,1,Phishing
http://ebay-resolution-account-center.com/service/confirmation?ref=urgent?token=%2062b153a0001e7119%3D%3D&ref=security_alert&auth=true,1,Phishing
https://alert-irs-tax-refund-center.icu/secure-signin.html,1,Phishing
https://shop.www.pinterest.com/api/v2/reference,0,Legitimate
https://walmart.com/login,0,Legitimate
http://login-irs-tax-refund.tk/wallet/confirm.php,1,Phishing
https://t.co/zOv5R4b?brand=wellsfargo,1,Phishing
https://account.wellsfargo.com.account-verify-5553.site/login.php,1,Phishing
https://oracle.com/auth/callback?utm_source=newsletter&id=88213,0,Legitimate
http://blog.google.com/auth/callback,0,Legitimate
http://news.wellsfargo.com/login,0,Legitimate
https://secure.iitb.ac.in/account/overview,0,Legitimate
https://auth.app.iitb.ac.in,0,Legitimate
https://dev.github.com/research/publications,0,Legitimate
https://paypal.com/blog/merchant-guide?provider=microsoft,0,Legitimate
https://support.nature.com/security/settings,0,Legitimate
https://tinyurl.com/P7tMrnD,1,Phishing
https://secure.netflix.com.account-verify-8489.info/login.php,1,Phishing
https://apache.org/wiki/microsoft,0,Legitimate
https://salesforce.com/library/archive,0,Legitimate
https://rb.gy/byoIfUb,1,Phishing
https://forbes.com/privacy?utm_source=newsletter&id=88213,0,Legitimate
https://update-netflix-verify-online.com/wallet/confirm.php,1,Phishing
https://caltech.edu/news/2026/03/update,0,Legitimate
https://wiki.kubernetes.io/pricing/enterprise-plan?utm_source=newsletter&id=88213,0,Legitimate
http://ebay-resolution-login.firebaseapp.com/verify.php,1,Phishing
https://binance-wallet-verification.unaux.com/confirm-account,1,Phishing
https://update-paypal-security.com/login.php,1,Phishing
https://test.youtube.com/terms,0,Legitimate
http://netflix-verify-verification.work/redirect//netflix-verify/login.php?session_id=821633,1,Phishing
https://binance-wallet17.monster/cgi-bin/account-unlock.cgi,1,Phishing
https://kernel.org/features,0,Legitimate
http://alert-netflix-verify-alert.space/verify-account.asp,1,Phishing
http://metamask-io-account-center.com/service/confirmation?ref=urgent?token=%20c927dc0fe389ab74%3D%3D&ref=security_alert&auth=true,1,Phishing
http://login.coinbase.com.cdn-auth72.space/webscr?cmd=_login,1,Phishing
https://tinyurl.com/iiszHV4?brand=microsoft-support,1,Phishing
http://user-binance-wallet.vercel.app/verify.php,1,Phishing
http://amazon-security-verification.xyz/redirect//amazon-security/login.php?session_id=104282,1,Phishing
http://bankofamerica-verification.site/redirect//bankofamerica/login.php?session_id=454494,1,Phishing
https://www.caltech.edu/compare/docusign-vs-competitors,0,Legitimate
http://amazon-security78.buzz/auth/recover-password.php,1,Phishing
https://shop.reuters.com/contact,0,Legitimate
http://irs-tax-refund-account-center.com/session/expired-login.html?token=%2029bb5595894233b9%3D%3D&ref=security_alert&auth=true,1,Phishing
https://zoom.us/news/2026/microsoft-announces-new-features,0,Legitimate
https://docusign.com.verify-id8083.click/signin/verify.php,1,Phishing
https://binance-wallet16.cfd/verify-account.asp,1,Phishing
http://support.chase.com/account/overview?utm_source=google&utm_medium=cpc,0,Legitimate
https://kernel.org/wiki/apple,0,Legitimate
https://facebook-recovery44.tk/wallet/confirm.php,1,Phishing
https://atlassian.com/articles/overview,0,Legitimate
https://netflix.com.verify-id2517.click/,1,Phishing
https://nytimes.com/download/latest-release,0,Legitimate
https://oracle.com/auth/callback,0,Legitimate
http://ebay-resolution-account-center.com/wallet/confirm.php?token=%20db563e9740eecd78%3D%3D&ref=security_alert&auth=true,1,Phishing
http://bestbuy.com,0,Legitimate
https://secure-login.netflix.com.account-update.click/confirm,1,Phishing
https://26.170.106.194/dropbox-share/auth/recover-password.php,1,Phishing
https://secure-login.netflix.com.account-update.xyz/confirm,1,Phishing
https://bankofamerica-verification.weebly.com/login.html,1,Phishing
https://shorturl.at/ftpeg6L,1,Phishing
http://amazon-security-verification.icu/redirect//amazon-security/login.php?session_id=623470,1,Phishing
https://secure.chase.com.steam-community-update18.cfd/banking/2fa-verification.php,1,Phishing
https://chase.com.client-portal.live/signin/verify.php,1,Phishing
https://pay.iitd.ac.in/docs/quickstart?utm_source=google&utm_medium=cpc,0,Legitimate
https://www.apache.org/reviews/coinbase-alternative,0,Legitimate
https://nytimes.com/team/leadership,0,Legitimate
http://mastercard.com/support/does-stripe-support-2fa,0,Legitimate
https://visa.com/courses/computer-science,0,Legitimate
http://168.49.59.196/bankofamerica/webscr?cmd=_login,1,Phishing
https://158.62.202.151:8000/wellsfargo/secure-signin.html,1,Phishing
https://service-netflix-verify-online.live/session/expired-login.html,1,Phishing
https://portal.google.com/search?q=machine+learning&lang=en,0,Legitimate
https://instagram.com/category/technology?sort=recent,0,Legitimate
https://slack.com/about?utm_source=google&utm_medium=cpc,0,Legitimate
https://ebay.com/compare/microsoft-vs-competitors,0,Legitimate
http://metamask-io-demo-user1.auth-verify1.info/auth/recover-password.php,1,Phishing
https://pay.udemy.com/support/help-center,0,Legitimate
http://53.143.136.175/fedex-delivery/session/expired-login.html,1,Phishing
https://toronto.edu/blog/post?id=1024&category=ai,0,Legitimate
https://support.aliexpress.com/news/2026/03/update,0,Legitimate
https://login-usps-redelivery-alert.live/update/billing-information.php,1,Phishing
https://bbc.com/auth/callback?ref=homepage&session=abc123,0,Legitimate
https://metamask-io78.ga/login.php,1,Phishing
http://187.212.206.193/microsoft-support/auth/recover-password.php,1,Phishing
https://ww1.outlook-exchangeid.click/webscr?cmd=_login,1,Phishing
https://google-security29.work/auth/recover-password.php,1,Phishing
https://sandbox.beta.iitd.ac.in/features,0,Legitimate
https://mastercard.com,0,Legitimate
http://login.amazon.com.security-check379.space/account/identity-verification,1,Phishing
https://aliexpress.com/community/forum,0,Legitimate
https://app.cmu.edu/login,0,Legitimate
https://secure.microsoft.com.irs-tax-refund-update55.live/security/update-credentials.htm,1,Phishing
https://netflix.com/account/overview,0,Legitimate
https://toronto.edu/courses/computer-science,0,Legitimate
https://bit.ly/6AZoiSN,1,Phishing
https://app-us1.mailed-by-verify.online/cgi-bin/account-unlock.cgi,1,Phishing
https://kernel.org/library/archive,0,Legitimate
https://binance-wallet-demo-user1.auth-verify7.online/auth/recover-password.php,1,Phishing
http://secure.coinbase.com.cdn-auth30.buzz/update/billing-information.php,1,Phishing
https://ibm.com/team/leadership,0,Legitimate
http://198.131.148.165/netflix-verify/update/billing-information.php,1,Phishing
https://zoom.us/blog/merchant-guide?provider=coinbase,0,Legitimate
http://service-coinbase-auth.top/verify-account.asp,1,Phishing
https://71.169.188.186/chase/signin?token=9284028394819&redirect=secure,1,Phishing
https://facebook-recovery-demo-user1.auth-verify8.top/service/confirmation?ref=urgent,1,Phishing
https://quora.com/pricing/enterprise-plan,0,Legitimate
https://quora.com/compare/stripe-vs-competitors,0,Legitimate
https://zoom.us/products/catalog?utm_source=newsletter&id=88213,0,Legitimate
https://www.yale.edu/blog/merchant-guide?provider=amazon,0,Legitimate
https://staging.apache.org/api/v2/reference,0,Legitimate
https://secure-paypal-portal.org/account/identity-verification,1,Phishing
https://mit.edu/wiki/apple,0,Legitimate
https://app.etsy.com/team/leadership,0,Legitimate
http://secure.apple.com.cdn-auth72.icu/account/identity-verification,1,Phishing
http://verify.paypal.com.outlook-exchange-update30.live/service/confirmation?ref=urgent,1,Phishing
http://sciencedirect.com/contact,0,Legitimate
http://dhl-tracking63.work/secure-signin.html,1,Phishing
https://secure-login.paypal.com.account-update.cfd/signin/verify.php,1,Phishing
https://shop.linkedin.com/account/overview,0,Legitimate
http://princeton.edu/library/archive,0,Legitimate
http://paypal-account-center.com/update/billing-information.php?token=%20a6a1556634b7a00d%3D%3D&ref=security_alert&auth=true,1,Phishing
https://forum.secure.aws.amazon.com/category/technology?sort=recent,0,Legitimate
https://user-google-security.b-cdn.net/verify.php,1,Phishing
https://t.co/9xgOFGe?brand=chase,1,Phishing
https://docs.github.com/profile/settings,0,Legitimate
https://is.gd/qFoYIfJ,1,Phishing
https://yale.edu/category/technology?sort=recent,0,Legitimate
http://instagram-badge-account-center.com/webscr?cmd=_login?token=%2047b1182bfddffa89%3D%3D&ref=security_alert&auth=true,1,Phishing
https://t.co/YIvavUT,1,Phishing
http://outlook-exchange32.cfd/service/confirmation?ref=urgent,1,Phishing
https://billing.apple.com/community/forum,0,Legitimate
https://ebay.com/api/v2/reference,0,Legitimate
http://app.reuters.com/community/forum,0,Legitimate
https://caltech.edu/courses/computer-science,0,Legitimate
http://bankofamerica-account-center.com/service/confirmation?ref=urgent?token=%209af259d913730424%3D%3D&ref=security_alert&auth=true,1,Phishing
http://chase-login.netlify.app/login.html,1,Phishing
https://verify-microsoft-support.space/session/expired-login.html,1,Phishing
https://account.support.target.com/contact,0,Legitimate
https://app.sandbox.citibank.com/research/publications,0,Legitimate
https://chase.com/library/archive,0,Legitimate
https://spotify.com/search?q=machine+learning&lang=en,0,Legitimate
http://mail-binance-wallet-account.byethost.com/login.html,1,Phishing
https://accounts.ikea.com/community/forum,0,Legitimate
https://accounts.www.sciencedirect.com/about,0,Legitimate
http://fedex-delivery-account-center.com/wallet/confirm.php?token=%2054947d8676c9623c%3D%3D&ref=security_alert&auth=true,1,Phishing
http://service-appleid.buzz/client/portal/validation.html,1,Phishing
http://m.support.shopify.com/contact,0,Legitimate
https://login.paypal.com.session-261601.click/signin/verify.php,1,Phishing
http://dhl-tracking-verification.xyz/redirect//dhl-tracking/login.php?session_id=307304,1,Phishing
https://salesforce.com/about,0,Legitimate
http://outlook-exchange-account-center.com/cgi-bin/account-unlock.cgi?token=%201874e8580459ae5c%3D%3D&ref=security_alert&auth=true,1,Phishing
https://pay.sciencedirect.com/search?q=machine+learning&lang=en,0,Legitimate
https://auth-binance-wallet-center.space/session/expired-login.html,1,Phishing
https://support.w3schools.com/docs/quickstart?lang=en&region=us,0,Legitimate
http://61.20.156.135:8080/coinbase-auth/service/confirmation?ref=urgent,1,Phishing
https://login.docusign.com.session-319137.top/login,1,Phishing
http://kernel.org/blog/post?id=1024&category=ai,0,Legitimate
http://user-ebay-resolution.infinityfreeapp.com/,1,Phishing
http://www.theguardian.com/blog/merchant-guide?provider=google,0,Legitimate
https://forum.mail.chase.com/login,0,Legitimate
https://atlassian.com/support/does-microsoft-support-2fa,0,Legitimate
http://alert-chase.online/webscr?cmd=_login,1,Phishing
https://dropbox-share-demo-user1.auth-verify5.top/webscr?cmd=_login,1,Phishing
https://forum.gitlab.com/news/2026/03/update,0,Legitimate
https://www.spotify.com/news/2026/facebook-announces-new-features,0,Legitimate
https://cornell.edu/community/forum,0,Legitimate
http://google-security-verification.work/redirect//google-security/login.php?session_id=655123,1,Phishing
https://billing.img.arxiv.org/news/2026/03/update,0,Legitimate
https://mail.coursera.org/library/archive,0,Legitimate
https://target.com/terms?lang=en&region=us,0,Legitimate
https://wellsfargo.com/research/publications?utm_source=newsletter&id=88213,0,Legitimate
https://forum.edx.org/team/leadership,0,Legitimate
http://my.netflix.com.security-check98.online/wallet/confirm.php,1,Phishing
https://stackoverflow.com/terms?utm_source=newsletter&id=88213,0,Legitimate
http://help.yale.edu/,0,Legitimate
https://bankofamerica-support.unaux.com/confirm-account,1,Phishing
http://wellsfargo-verification.cfd/redirect//wellsfargo/login.php?session_id=714804,1,Phishing
https://tinyurl.com/jcbqjCA,1,Phishing
http://verify-wellsfargo-check.com/signin?token=9284028394819&redirect=secure,1,Phishing
http://usps-redelivery18.space/webscr?cmd=_login,1,Phishing
http://login.google.com.security-check24.cfd/signin?token=9284028394819&redirect=secure,1,Phishing
http://auth-outlook-exchange-manage.cc/session/expired-login.html,1,Phishing
https://is.gd/dK03wJ3,1,Phishing
https://toronto.edu/team/leadership,0,Legitimate
https://bbc.com/download/latest-release,0,Legitimate
http://my-chase-portal.org/account/identity-verification,1,Phishing
http://112.1.17.5/google-security/banking/2fa-verification.php,1,Phishing
http://outlook-exchange-verification.info/redirect//outlook-exchange/login.php?session_id=323703,1,Phishing
https://update-coinbase-auth-portal.click/signin?token=9284028394819&redirect=secure,1,Phishing
https://outlook-exchange39.online/banking/2fa-verification.php,1,Phishing
https://kubernetes.io/explore,0,Legitimate
http://bankofamerica-account-center.com/service/confirmation?ref=urgent?token=%20d9ecd759ad3bd0ce%3D%3D&ref=security_alert&auth=true,1,Phishing
https://login.netflix.com.session-297644.cfd/signin/verify.php,1,Phishing
http://netflix-verify-account-center.com/account/identity-verification?token=%20e05009367449dd79%3D%3D&ref=security_alert&auth=true,1,Phishing
https://ref2.chase-steam.click/cgi-bin/account-unlock.cgi,1,Phishing
https://staging.salesforce.com/login,0,Legitimate
https://cmu.edu/explore,0,Legitimate
http://netflix-verify-account-center.com/secure-signin.html?token=%2090eed6928aeabe7a%3D%3D&ref=security_alert&auth=true,1,Phishing
http://fedex-delivery-account-center.com/account/identity-verification?token=%20c67b92d83913f925%3D%3D&ref=security_alert&auth=true,1,Phishing
http://verify-instagram-badge-alert.online/auth/recover-password.php,1,Phishing
https://ebay-resolution-verification.unaux.com/login.html,1,Phishing
https://cloud.google.com/privacy,0,Legitimate
https://docusign.com.verify-id9279.click/login,1,Phishing
https://help.api.cloudflare.com/profile/settings,0,Legitimate
http://appleid-verification.space/redirect//appleid/login.php?session_id=763126,1,Phishing
http://109.39.221.81:3000/outlook-exchange/signin?token=9284028394819&redirect=secure,1,Phishing
https://ikea.com/api/v2/reference,0,Legitimate
https://toronto.edu/compare/microsoft-vs-competitors,0,Legitimate
https://www.arxiv.org/support/does-stripe-support-2fa,0,Legitimate
https://app.cam.ac.uk/explore,0,Legitimate
http://login.ethz.ch/api/v2/reference,0,Legitimate
http://account.microsoft.com.fedex-delivery-update48.top/client/portal/validation.html,1,Phishing
https://quora.com/api/v2/reference,0,Legitimate
http://124.106.195.79/instagram-badge/wallet/confirm.php,1,Phishing
https://cutt.ly/O1dlaLm?brand=amazon-security,1,Phishing
https://app-us1.mailed-by-verify.xyz/auth/recover-password.php,1,Phishing
https://blog.developer.android.com,0,Legitimate
https://login.netflix.com.session-424460.cfd/confirm,1,Phishing
https://edx.org/products/catalog?ref=homepage&session=abc123,0,Legitimate
https://columbia.edu/category/technology?sort=recent,0,Legitimate
http://137.51.165.45:8888/fedex-delivery/account/identity-verification,1,Phishing
http://dhl-tracking-account-center.com/verify-account.asp?token=%20f9602324a0869fee%3D%3D&ref=security_alert&auth=true,1,Phishing
https://billing.microsoft.com/login?utm_source=newsletter&id=88213,0,Legitimate
https://secure-login.chase.com.account-update.top/,1,Phishing
https://www.flipkart.com/reviews/amazon-alternative,0,Legitimate
http://login-amazon-security.site/service/confirmation?ref=urgent,1,Phishing
http://cnn.com/research/publications?ref=homepage&session=abc123,0,Legitimate
https://accounts.princeton.edu/docs/quickstart,0,Legitimate
https://flipkart.com/support/help-center,0,Legitimate
https://vimeo.com/profile/settings,0,Legitimate
https://img.app.wikipedia.org/team/leadership,0,Legitimate
https://bit.ly/CgLyu4U,1,Phishing
https://login.docusign.com.session-424310.live/signin/verify.php,1,Phishing
https://accounts.shopify.com/news/2026/03/update,0,Legitimate
https://ebay.com/news/2026/amazon-announces-new-features,0,Legitimate
https://w3schools.com/blog/post?id=1024&category=ai,0,Legitimate
https://billing.toronto.edu/auth/callback,0,Legitimate
https://harvard.edu/blog/post?id=1024&category=ai,0,Legitimate
https://www.mozilla.org/explore,0,Legitimate
https://login.netflix.com.session-708992.click/signin/verify.php,1,Phishing
https://forum.wiki.yale.edu/category/technology?sort=recent,0,Legitimate
https://udemy.com/wiki/microsoft,0,Legitimate
https://secure.apple.com.account-verify-8335.top/update/billing-information.php,1,Phishing
https://ref1.irs-tax-refund-steam.space/client/portal/validation.html,1,Phishing
https://update-binance-wallet-security.live/webscr?cmd=_login,1,Phishing
http://ref6.ebay-resolution-steam.tk/verify-account.asp,1,Phishing
http://paypal-account-center.com/service/confirmation?ref=urgent?token=%2020ba7404c86687ca%3D%3D&ref=security_alert&auth=true,1,Phishing
https://etsy.com/reviews/microsoft-alternative,0,Legitimate
https://user-dropbox-share.github.io/verify.php,1,Phishing
https://www.bloomberg.com/news/2026/paypal-announces-new-features,0,Legitimate
http://instagram-badge-account-center.com/client/portal/validation.html?token=%20d628788b66ff933a%3D%3D&ref=security_alert&auth=true,1,Phishing
https://edx.org/library/archive,0,Legitimate
https://billing.sandbox.zoom.us/contact?utm_source=google&utm_medium=cpc,0,Legitimate
https://cdn.en.cam.ac.uk/pricing/enterprise-plan,0,Legitimate
https://python.org/support/help-center?utm_source=newsletter&id=88213,0,Legitimate
https://chase.com.cdn-auth84.top/security/update-credentials.htm,1,Phishing
https://signin.netflix.com.account-verify-8899.cfd/cgi-bin/account-unlock.cgi,1,Phishing
https://appleid-support.github.io/confirm-account,1,Phishing
https://secure-login.chase.com.account-update.top/signin/verify.php,1,Phishing
http://microsoft-support-account-center.com/login.php?token=%20b47ac5eda55c682d%3D%3D&ref=security_alert&auth=true,1,Phishing
https://google-security-demo-user1.auth-verify1.online/verify-account.asp,1,Phishing
https://wikipedia.org/privacy,0,Legitimate
https://paypal36.online/verify-account.asp,1,Phishing
https://ww1.bankofamericaid.ga/auth/recover-password.php,1,Phishing
https://www.target.com/reviews/netflix-alternative,0,Legitimate
https://atlassian.com/products/catalog,0,Legitimate
https://user-appleid.weebly.com/login.html,1,Phishing
https://tinyurl.com/FGeEHBU,1,Phishing
http://microsoft-support-account-center.com/login.php?token=%202acf48186d945792%3D%3D&ref=security_alert&auth=true,1,Phishing
https://binance-wallet98.work/auth/recover-password.php,1,Phishing
https://auth.apple.com.cdn-auth98.online/secure-signin.html,1,Phishing
https://13.99.146.138/chase/webscr?cmd=_login,1,Phishing
https://toronto.edu/products/catalog?utm_source=google&utm_medium=cpc,0,Legitimate
http://chase-verification.click/redirect//chase/login.php?session_id=790836,1,Phishing
https://edx.org/research/publications,0,Legitimate
http://usps-redelivery-verification.buzz/redirect//usps-redelivery/login.php?session_id=802192,1,Phishing
https://pinterest.com/,0,Legitimate
https://princeton.edu/news/2026/03/update,0,Legitimate
http://182.199.136.167/dhl-tracking/session/expired-login.html,1,Phishing
http://my-netflix-verify-check.org/wallet/confirm.php,1,Phishing
http://microsoft-support84.top/update/billing-information.php,1,Phishing
http://39.32.244.87/outlook-exchange/login.php,1,Phishing
https://dev.pinterest.com/profile/settings,0,Legitimate
https://netflix-verify-login.blogspot.com/verify.php,1,Phishing
https://test.cornell.edu/api/v2/reference,0,Legitimate
http://irs-tax-refund-account-center.com/secure-signin.html?token=%20e357a3bc6ba51710%3D%3D&ref=security_alert&auth=true,1,Phishing
http://walmart.com/category/technology?sort=recent,0,Legitimate
https://bit.ly/7DmG8fr?brand=chase,1,Phishing
http://coinbase-auth66.tk/session/expired-login.html,1,Phishing
https://cdn.pinterest.com/api/v2/reference,0,Legitimate
https://www.zoom.us/wiki/google,0,Legitimate
https://help.citibank.com/docs/quickstart?utm_source=google&utm_medium=cpc,0,Legitimate
https://help.mozilla.org/products/catalog,0,Legitimate
https://verify-binance-wallet-manage.buzz/client/portal/validation.html,1,Phishing
http://en.shop.oracle.com/security/settings,0,Legitimate
http://sandbox.github.com/terms,0,Legitimate
http://outlook-exchange-verification.cc/redirect//outlook-exchange/login.php?session_id=426449,1,Phishing
https://user-chase.ueniweb.com/,1,Phishing
https://forbes.com/courses/computer-science,0,Legitimate
https://en.w3schools.com/about,0,Legitimate
https://store.billing.stripe.com/about,0,Legitimate
https://microsoft-support67.info/security/update-credentials.htm,1,Phishing
https://bankofamerica.com/team/leadership,0,Legitimate
http://instagram-badge41.buzz/account/identity-verification,1,Phishing
https://bbc.com/team/leadership,0,Legitimate
http://microsoft-support89.click/cgi-bin/account-unlock.cgi,1,Phishing
https://wiki.gitlab.com/docs/quickstart?utm_source=newsletter&id=88213,0,Legitimate
https://ww1.chaseid.info/account/identity-verification,1,Phishing
https://mastercard.com/security/settings,0,Legitimate
https://dev.mozilla.org/pricing/enterprise-plan,0,Legitimate
https://www.google.com/support/does-apple-support-2fa,0,Legitimate
https://dev.sandbox.medium.com/products/catalog,0,Legitimate
http://news.shop.harvard.edu/contact,0,Legitimate
https://bit.ly/cidSPhj,1,Phishing
https://docusign.com.support-centre.live/login,1,Phishing
http://124.40.52.103/ebay-resolution/banking/2fa-verification.php,1,Phishing
http://amazon-security-verification.live/redirect//amazon-security/login.php?session_id=390064,1,Phishing
https://www.w3schools.com/articles/how-to-use-amazon-safely,0,Legitimate
https://cam.ac.uk/library/archive,0,Legitimate
https://blog.wellsfargo.com/privacy?utm_source=newsletter&id=88213,0,Legitimate
http://metamask-io-account-center.com/signin?token=9284028394819&redirect=secure?token=%20cd42de11e4368ccb%3D%3D&ref=security_alert&auth=true,1,Phishing
http://outlook-exchange-account-center.com/cgi-bin/account-unlock.cgi?token=%20763dc62eae7f92dd%3D%3D&ref=security_alert&auth=true,1,Phishing
https://chase-verification.infinityfreeapp.com/,1,Phishing
http://my-netflix-verify-center.site/login.php,1,Phishing
https://www.stanford.edu/news/2026/google-announces-new-features,0,Legitimate
http://secure-steam-community-manage.cc/security/update-credentials.htm,1,Phishing
https://cornell.edu/security/settings,0,Legitimate
https://news.nature.com/courses/computer-science?utm_source=google&utm_medium=cpc,0,Legitimate
http://metamask-io-verification.work/redirect//metamask-io/login.php?session_id=232587,1,Phishing
http://172.243.133.104:3000/appleid/session/expired-login.html,1,Phishing
https://ref8.steam-community-steam.work/client/portal/validation.html,1,Phishing
https://auth.nytimes.com/docs/quickstart,0,Legitimate
http://dhl-tracking14.tk/session/expired-login.html,1,Phishing
http://stanford.edu/blog/post?id=1024&category=ai,0,Legitimate
https://bloomberg.com/wiki/apple,0,Legitimate
https://metamask-io10.live/wallet/confirm.php,1,Phishing
http://binance-wallet-verification.space/redirect//binance-wallet/login.php?session_id=834017,1,Phishing
https://cdn.microsoft.com,0,Legitimate
https://ebay.com/team/leadership,0,Legitimate
http://141.124.225.201/netflix-verify/login.php,1,Phishing
https://spotify.com/products/catalog,0,Legitimate
https://iitb.ac.in/explore,0,Legitimate
http://147.139.4.40/outlook-exchange/account/identity-verification,1,Phishing
http://account.walmart.com/explore,0,Legitimate
https://harvard.edu/account/overview,0,Legitimate
https://docusign.com.verify-id4020.cfd/login,1,Phishing
https://forbes.com/api/v2/reference,0,Legitimate
https://account.sandbox.zoom.us/support/help-center?ref=homepage&session=abc123,0,Legitimate
https://ox.ac.uk/articles/overview,0,Legitimate
https://bbc.com/features,0,Legitimate
https://pinterest.com/terms,0,Legitimate
http://my.google.com.instagram-badge-update69.tk/auth/recover-password.php,1,Phishing
https://secure.python.org/account/overview,0,Legitimate
https://beta.oracle.com/blog/post?id=1024&category=ai,0,Legitimate
https://shop.ebay.com/library/archive,0,Legitimate
https://microsoft.com.session-177060.cc/cgi-bin/account-unlock.cgi,1,Phishing
http://login.bankofamerica.com.account-verify-7637.icu/account/identity-verification,1,Phishing
https://auth.wellsfargo.com/blog/post?id=1024&category=ai,0,Legitimate
http://dhl-tracking86.click/account/identity-verification,1,Phishing
https://docusign.com.support-centre.xyz/confirm,1,Phishing
http://metamask-io96.tk/banking/2fa-verification.php,1,Phishing
http://dropbox-share-account-center.com/verify-account.asp?token=%205557c9cb5d3e451f%3D%3D&ref=security_alert&auth=true,1,Phishing
https://en.zoom.us/blog/post?id=1024&category=ai,0,Legitimate
https://target.com/research/publications,0,Legitimate
https://is.gd/YdnWq7F?brand=ebay-resolution,1,Phishing
https://docs.help.iitd.ac.in/research/publications,0,Legitimate
http://outlook-exchange36.xyz/banking/2fa-verification.php,1,Phishing
http://144.199.16.137/amazon-security/account/identity-verification,1,Phishing
https://account.shop.wikipedia.org/download/latest-release,0,Legitimate
https://secure-login.docusign.com.account-update.cfd/,1,Phishing
https://pinterest.com/blog/post?id=1024&category=ai,0,Legitimate
https://test.w3schools.com/research/publications?lang=en&region=us,0,Legitimate
http://mozilla.org/contact,0,Legitimate
https://alert-outlook-exchange-online.ga/account/identity-verification,1,Phishing
http://paypal-account-center.com/wallet/confirm.php?token=%202c731a07f3a00865%3D%3D&ref=security_alert&auth=true,1,Phishing
https://forum.pinterest.com/search?q=machine+learning&lang=en,0,Legitimate
http://cnn.com/auth/callback,0,Legitimate
https://login.coursera.org/team/leadership,0,Legitimate
https://mozilla.org/support/help-center,0,Legitimate
http://60.145.10.214/metamask-io/cgi-bin/account-unlock.cgi,1,Phishing
https://irs-tax-refund18.cfd/update/billing-information.php,1,Phishing
http://secure.microsoft.com.cdn-auth99.online/banking/2fa-verification.php,1,Phishing
http://dropbox-share-account-center.com/client/portal/validation.html?token=%207e8154bd7c14c39e%3D%3D&ref=security_alert&auth=true,1,Phishing
http://fedex-delivery13.buzz/signin?token=9284028394819&redirect=secure,1,Phishing
http://login.quora.com/team/leadership,0,Legitimate
https://rb.gy/zNV5wCl?brand=dhl-tracking,1,Phishing
https://udemy.com/,0,Legitimate
https://dev.wellsfargo.com/,0,Legitimate
http://appleid-verification.online/redirect//appleid/login.php?session_id=206328,1,Phishing
https://my.wellsfargo.com.appleid-update16.tk/account/identity-verification,1,Phishing
http://apple.com/security/settings,0,Legitimate
https://cloud.google.com/download/latest-release,0,Legitimate
https://mozilla.org/support/does-paypal-support-2fa,0,Legitimate
https://www.developer.android.com/support/does-docusign-support-2fa,0,Legitimate
https://app.edx.org/team/leadership,0,Legitimate
https://nature.com/courses/computer-science,0,Legitimate
https://google-security-verification.blogspot.com/login.html,1,Phishing
http://chase-verification.work/redirect//chase/login.php?session_id=627966,1,Phishing
https://support.wikipedia.org/articles/overview,0,Legitimate
https://khanacademy.org/account/overview,0,Legitimate
https://americanexpress.com/login,0,Legitimate
https://cornell.edu/docs/quickstart,0,Legitimate
https://ww1.facebook-recoveryid.click/webscr?cmd=_login,1,Phishing
http://amazon-security-account-center.com/cgi-bin/account-unlock.cgi?token=%20c5e18f9169e426ae%3D%3D&ref=security_alert&auth=true,1,Phishing
https://cam.ac.uk/download/latest-release?lang=en&region=us,0,Legitimate
https://digitalocean.com/articles/overview,0,Legitimate
https://mail.vimeo.com/category/technology?sort=recent,0,Legitimate
http://metamask-io-account-center.com/login.php?token=%2076994e467b184a02%3D%3D&ref=security_alert&auth=true,1,Phishing
http://binance-wallet-account-center.com/session/expired-login.html?token=%20c8f5773d8bd0b3ab%3D%3D&ref=security_alert&auth=true,1,Phishing
https://docs.docs.oracle.com/docs/quickstart,0,Legitimate
http://microsoft-support-account-center.com/service/confirmation?ref=urgent?token=%206e26888c729e6396%3D%3D&ref=security_alert&auth=true,1,Phishing
https://secure.ox.ac.uk/articles/overview?lang=en&region=us,0,Legitimate
https://reuters.com/auth/callback,0,Legitimate
http://auth.apple.com.session-887391.buzz/account/identity-verification,1,Phishing
http://81.184.235.104:8080/dhl-tracking/update/billing-information.php,1,Phishing
https://binance-wallet-demo-user1.auth-verify9.icu/session/expired-login.html,1,Phishing
https://facebook-recovery-support.infinityfreeapp.com/confirm-account,1,Phishing
https://forbes.com/blog/post?id=1024&category=ai,0,Legitimate
https://mastercard.com/api/v2/reference,0,Legitimate
https://pay.oracle.com/features,0,Legitimate
http://update-ebay-resolution-portal.info/account/identity-verification,1,Phishing
https://aliexpress.com/blog/post?id=1024&category=ai,0,Legitimate
http://signin.coinbase.com.security-check463.live/client/portal/validation.html,1,Phishing
http://bankofamerica-account-center.com/banking/2fa-verification.php?token=%206aa94b77a1f9c36e%3D%3D&ref=security_alert&auth=true,1,Phishing
https://wellsfargo.com/team/leadership,0,Legitimate
http://instagram-badge-account-center.com/security/update-credentials.htm?token=%200e99f5b392bf781e%3D%3D&ref=security_alert&auth=true,1,Phishing
https://img.account.stripe.com/api/v2/reference,0,Legitimate
http://yale.edu/news/2026/03/update?utm_source=google&utm_medium=cpc,0,Legitimate
http://25.81.156.145/google-security/verify-account.asp,1,Phishing
http://service-wellsfargo.top/secure-signin.html,1,Phishing
https://facebook-recovery-verification.vercel.app/verify.php,1,Phishing
https://medium.com/products/catalog,0,Legitimate
https://fedex-delivery-support.weebly.com/verify.php,1,Phishing
http://coinbase-auth-verification.xyz/redirect//coinbase-auth/login.php?session_id=400799,1,Phishing
https://oracle.com/features,0,Legitimate
http://github.com/category/technology?sort=recent&lang=en&region=us,0,Legitimate
https://login.apple.com.session-356842.icu/,1,Phishing
https://vimeo.com/support/help-center,0,Legitimate
https://img.cam.ac.uk/news/2026/03/update,0,Legitimate
https://cutt.ly/12MDFMl,1,Phishing
http://appleid-verification.icu/redirect//appleid/login.php?session_id=869529,1,Phishing
http://auth.amazon.com.account-verify-2348.work/client/portal/validation.html,1,Phishing
https://en.stanford.edu/login,0,Legitimate
https://ebay-resolution81.space/auth/recover-password.php,1,Phishing
https://theguardian.com/docs/quickstart,0,Legitimate
http://ref2.wellsfargo-steam.cc/cgi-bin/account-unlock.cgi,1,Phishing
https://is.gd/CXeZPg6,1,Phishing
http://outlook-exchange-verification.online/redirect//outlook-exchange/login.php?session_id=903165,1,Phishing
https://login.netflix.com.session-127086.live/signin/verify.php,1,Phishing
https://secure.docker.com/pricing/enterprise-plan,0,Legitimate
http://auth.coinbase.com.security-check893.cfd/secure-signin.html,1,Phishing
https://slack.com/news/2026/03/update?utm_source=newsletter&id=88213,0,Legitimate
https://shop.docs.github.com/login,0,Legitimate
https://etsy.com/compare/facebook-vs-competitors,0,Legitimate
https://github.com/team/leadership,0,Legitimate
http://irs-tax-refund-demo-user1.auth-verify6.top/session/expired-login.html,1,Phishing
https://google-security-verification.rf.gd/,1,Phishing
https://instagram.com/terms,0,Legitimate
https://zoom.us/terms,0,Legitimate
http://coinbase-auth-verification.top/redirect//coinbase-auth/login.php?session_id=219036,1,Phishing
https://t.co/EkmE0O2,1,Phishing
https://nytimes.com/products/catalog,0,Legitimate
http://usps-redelivery-verification.xyz/redirect//usps-redelivery/login.php?session_id=637784,1,Phishing
https://130.2.193.20/dhl-tracking/service/confirmation?ref=urgent,1,Phishing
https://docusign.com.verify-id9639.click/signin/verify.php,1,Phishing
http://appleid-verification.site/redirect//appleid/login.php?session_id=194732,1,Phishing
http://netflix-verify-account-center.com/webscr?cmd=_login?token=%207ea8ae8906e6ca8e%3D%3D&ref=security_alert&auth=true,1,Phishing
http://wellsfargo69.info/secure-signin.html,1,Phishing
http://mail.stackoverflow.com/,0,Legitimate
https://accounts.bankofamerica.com/terms,0,Legitimate
http://service-chase.click/client/portal/validation.html,1,Phishing
https://amazon.com/articles/overview,0,Legitimate
https://github.com/compare/facebook-vs-competitors,0,Legitimate
https://login-bankofamerica.ga/client/portal/validation.html,1,Phishing
https://bit.ly/6xFzx1u?brand=steam-community,1,Phishing
http://binance-wallet-account-center.com/signin?token=9284028394819&redirect=secure?token=%2049f3059ab65a65c4%3D%3D&ref=security_alert&auth=true,1,Phishing
https://user-google-security.jimdofree.com/,1,Phishing
https://www.aliexpress.com/articles/how-to-use-stripe-safely,0,Legitimate
http://amazon-security-verification.live/redirect//amazon-security/login.php?session_id=492930,1,Phishing
http://google-security-account-center.com/update/billing-information.php?token=%206fa55373ef5a4c01%3D%3D&ref=security_alert&auth=true,1,Phishing
http://dropbox-share21.xyz/signin?token=9284028394819&redirect=secure,1,Phishing
https://americanexpress.com/privacy,0,Legitimate
https://cnn.com/docs/quickstart,0,Legitimate
https://beta.img.ox.ac.uk/community/forum,0,Legitimate
http://service-instagram-badge.space/secure-signin.html,1,Phishing
https://account.stackoverflow.com,0,Legitimate
http://facebook-recovery-verification.top/redirect//facebook-recovery/login.php?session_id=855753,1,Phishing
http://ww1.metamask-ioid.space/service/confirmation?ref=urgent,1,Phishing
https://walmart.com/terms,0,Legitimate
https://cdn.udemy.com/features,0,Legitimate
http://paypal-verification.firebaseapp.com/verify.php,1,Phishing
https://microsoft.com.cdn-auth89.work/update/billing-information.php,1,Phishing
https://visa.com/download/latest-release,0,Legitimate
http://atlassian.com/support/help-center,0,Legitimate
https://target.com/features,0,Legitimate
https://pay.forum.target.com/auth/callback?utm_source=google&utm_medium=cpc,0,Legitimate
http://facebook-recovery-account-center.com/banking/2fa-verification.php?token=%20794ac9f5e3a07f6a%3D%3D&ref=security_alert&auth=true,1,Phishing
https://instagram-badge-support.glitch.me/verify.php,1,Phishing
http://wellsfargo38.icu/verify-account.asp,1,Phishing
https://americanexpress.com/blog/post?id=1024&category=ai,0,Legitimate
https://docs.stanford.edu/about,0,Legitimate
https://news.reuters.com/download/latest-release,0,Legitimate
https://netflix.com.verify-id8206.icu/,1,Phishing
https://metamask-io-login.blogspot.com/confirm-account,1,Phishing
https://secure-login.netflix.com.account-update.live/signin/verify.php,1,Phishing
http://irs-tax-refund-account-center.com/service/confirmation?ref=urgent?token=%206bb3efc0698df10b%3D%3D&ref=security_alert&auth=true,1,Phishing
https://amazon-security-verification.infinityfreeapp.com/,1,Phishing
https://img.quora.com/features,0,Legitimate
https://secure-login.chase.com.account-update.click/,1,Phishing
https://mail-appleid-account.infinityfreeapp.com/login.html,1,Phishing
https://google.com/news/2026/03/update?ref=homepage&session=abc123,0,Legitimate
https://medium.com/login,0,Legitimate
https://reddit.com/contact?utm_source=newsletter&id=88213,0,Legitimate
https://mit.edu/articles/how-to-use-apple-safely,0,Legitimate
https://berkeley.edu/auth/callback,0,Legitimate
http://alert-microsoft-support-online.com/session/expired-login.html,1,Phishing
https://app-us1.mailed-by-verify.info/auth/recover-password.php,1,Phishing
http://google-security-account-center.com/login.php?token=%205ae7a3078d38ea5e%3D%3D&ref=security_alert&auth=true,1,Phishing
https://etsy.com/about,0,Legitimate
https://mail.chase.com/about,0,Legitimate
http://microsoft-support-account-center.com/cgi-bin/account-unlock.cgi?token=%201b98ae7be9675fe1%3D%3D&ref=security_alert&auth=true,1,Phishing
https://service-outlook-exchange-center.monster/security/update-credentials.htm,1,Phishing
https://nature.com/about,0,Legitimate
https://auth.cmu.edu/contact,0,Legitimate
http://docker.com/download/latest-release,0,Legitimate
https://www.cloud.google.com/articles/how-to-use-facebook-safely,0,Legitimate
https://bestbuy.com/,0,Legitimate
https://udemy.com/reviews/netflix-alternative,0,Legitimate
https://login.auth.cam.ac.uk/account/overview,0,Legitimate
http://usps-redelivery-account-center.com/login.php?token=%2061bb4a67f9ff6c56%3D%3D&ref=security_alert&auth=true,1,Phishing
https://is.gd/PGj389B?brand=coinbase-auth,1,Phishing
http://dhl-tracking-demo-user1.auth-verify4.ga/account/identity-verification,1,Phishing
http://bankofamerica14.ga/session/expired-login.html,1,Phishing
http://verify.paypal.com.cdn-auth35.tk/auth/recover-password.php,1,Phishing
https://fedex-delivery-support.b-cdn.net/confirm-account,1,Phishing
https://api.python.org/?lang=en&region=us,0,Legitimate
http://app.sciencedirect.com/about,0,Legitimate
http://binance-wallet-verification.buzz/redirect//binance-wallet/login.php?session_id=250343,1,Phishing
https://secure-login.apple.com.account-update.cfd/confirm,1,Phishing
https://aliexpress.com/courses/computer-science,0,Legitimate
https://ww1.appleidid.buzz/signin?token=9284028394819&redirect=secure,1,Phishing
https://docs.sciencedirect.com/terms,0,Legitimate
https://columbia.edu/profile/settings,0,Legitimate
http://irs-tax-refund-login.vercel.app/,1,Phishing
https://bankofamerica.com/compare/stripe-vs-competitors,0,Legitimate
https://user-coinbase-auth.netlify.app/login.html,1,Phishing
https://verify-binance-wallet-portal.buzz/service/confirmation?ref=urgent,1,Phishing
https://amazon.com/research/publications,0,Legitimate
http://usps-redelivery-demo-user1.auth-verify3.site/service/confirmation?ref=urgent,1,Phishing
http://amazon-security-account-center.com/session/expired-login.html?token=%20f9a4bc70fc7aa7cd%3D%3D&ref=security_alert&auth=true,1,Phishing
https://portal.cornell.edu/docs/quickstart?utm_source=newsletter&id=88213,0,Legitimate
https://app.yale.edu/support/help-center,0,Legitimate
https://yale.edu/,0,Legitimate
https://service-binance-wallet.top/security/update-credentials.htm,1,Phishing
http://ref4.microsoft-support-steam.monster/session/expired-login.html,1,Phishing
http://google-security-account-center.com/session/expired-login.html?token=%20fbaa805734694ecb%3D%3D&ref=security_alert&auth=true,1,Phishing
http://49.33.155.22/chase/auth/recover-password.php,1,Phishing
http://w3schools.com/download/latest-release,0,Legitimate
http://77.233.103.39:3000/outlook-exchange/cgi-bin/account-unlock.cgi,1,Phishing
https://binance-wallet-verification.herokuapp.com/,1,Phishing
https://ref7.steam-community-steam.xyz/verify-account.asp,1,Phishing
https://amazon.com/explore,0,Legitimate
https://rb.gy/CJLbsFN?brand=microsoft-support,1,Phishing
https://www.visa.com/articles/how-to-use-coinbase-safely,0,Legitimate
https://en.target.com/blog/post?id=1024&category=ai,0,Legitimate
https://rb.gy/fyWLaVD?brand=instagram-badge,1,Phishing
https://login.microsoft.com/auth/callback,0,Legitimate
http://40.218.47.57/irs-tax-refund/service/confirmation?ref=urgent,1,Phishing
http://google-security-account-center.com/secure-signin.html?token=%20cef7a631451a47ed%3D%3D&ref=security_alert&auth=true,1,Phishing
https://citibank.com/news/2026/03/update,0,Legitimate
https://bankofamerica.com/explore?utm_source=newsletter&id=88213,0,Legitimate
https://staging.store.iitd.ac.in/profile/settings,0,Legitimate
https://app-us1.mailed-by-verify.site/update/billing-information.php,1,Phishing
http://amazon-security-verification.ga/redirect//amazon-security/login.php?session_id=811060,1,Phishing
http://dropbox-share-login.github.io/confirm-account,1,Phishing
https://ww1.wellsfargoid.tk/verify-account.asp,1,Phishing
http://instagram-badge-account-center.com/auth/recover-password.php?token=%20f3f7adb5eec4b92a%3D%3D&ref=security_alert&auth=true,1,Phishing
https://tinyurl.com/rGWrTgn,1,Phishing
https://www.instagram.com/reviews/paypal-alternative,0,Legitimate
https://account.iitd.ac.in/explore,0,Legitimate
https://visa.com/profile/settings?utm_source=google&utm_medium=cpc,0,Legitimate
https://metamask-io-verification.unaux.com/,1,Phishing
https://outlook-exchange-demo-user1.auth-verify3.cc/session/expired-login.html,1,Phishing
http://account.coinbase.com.account-verify-3275.live/client/portal/validation.html,1,Phishing
https://login.apple.com.session-983370.click/login,1,Phishing
https://mail.paypal.com/about,0,Legitimate
http://en.medium.com/courses/computer-science?lang=en&region=us,0,Legitimate
https://bankofamerica.com/profile/settings,0,Legitimate
https://login-amazon-security-manage.tk/banking/2fa-verification.php,1,Phishing
https://aliexpress.com/profile/settings,0,Legitimate
https://kubernetes.io/terms?lang=en&region=us,0,Legitimate
https://ref1.wellsfargo-steam.live/auth/recover-password.php,1,Phishing
https://docusign.com.support-centre.xyz/,1,Phishing
https://shop.pinterest.com/category/technology?sort=recent,0,Legitimate
https://amazon-security48.buzz/verify-account.asp,1,Phishing
https://auth.chase.com.session-868682.buzz/signin?token=9284028394819&redirect=secure,1,Phishing
https://edx.org/privacy,0,Legitimate
https://ref2.fedex-delivery-steam.buzz/cgi-bin/account-unlock.cgi,1,Phishing
https://billing.medium.com/team/leadership,0,Legitimate
http://login-paypal.buzz/service/confirmation?ref=urgent,1,Phishing
https://www.ibm.com/news/2026/microsoft-announces-new-features,0,Legitimate
https://login.paypal.com.session-306081.top/login,1,Phishing
https://www.theguardian.com/support/does-paypal-support-2fa,0,Legitimate
https://paypal-demo-user1.auth-verify2.click/account/identity-verification,1,Phishing
https://microsoft.com/auth/callback,0,Legitimate
https://paypal30.top/security/update-credentials.htm,1,Phishing
https://is.gd/sCpY9BS?brand=dhl-tracking,1,Phishing
http://ref4.wellsfargo-steam.com/service/confirmation?ref=urgent,1,Phishing
https://mail.walmart.com/search?q=machine+learning&lang=en,0,Legitimate
https://ref7.dropbox-share-steam.online/webscr?cmd=_login,1,Phishing
http://174.66.211.26:3000/usps-redelivery/webscr?cmd=_login,1,Phishing
https://cutt.ly/xqUnQt6,1,Phishing
https://ikea.com/profile/settings,0,Legitimate
http://wellsfargo-account-center.com/update/billing-information.php?token=%203729067da2124888%3D%3D&ref=security_alert&auth=true,1,Phishing
http://auth-fedex-delivery-center.icu/client/portal/validation.html,1,Phishing
http://dhl-tracking-verification.site/redirect//dhl-tracking/login.php?session_id=474426,1,Phishing
http://microsoft-support-verification.icu/redirect//microsoft-support/login.php?session_id=137872,1,Phishing
https://ref6.dropbox-share-steam.xyz/secure-signin.html,1,Phishing
https://cdn.forum.chase.com/products/catalog,0,Legitimate
http://login.google.com.cdn-auth27.space/signin?token=9284028394819&redirect=secure,1,Phishing
https://rb.gy/sr6WsU3,1,Phishing
https://alert-dhl-tracking-center.org/secure-signin.html,1,Phishing
https://flipkart.com/docs/quickstart,0,Legitimate
https://login.chase.com.session-247462.icu/,1,Phishing
http://verify.bankofamerica.com.session-218495.icu/security/update-credentials.htm,1,Phishing
https://ebay-resolution-demo-user1.auth-verify8.monster/webscr?cmd=_login,1,Phishing
https://www.reddit.com/news/2026/coinbase-announces-new-features,0,Legitimate
http://update-chase-online.monster/secure-signin.html,1,Phishing
https://paypal-demo-user1.auth-verify9.site/security/update-credentials.htm,1,Phishing
https://app-us1.mailed-by-verify.click/webscr?cmd=_login,1,Phishing
http://microsoft.com.facebook-recovery-update46.space/cgi-bin/account-unlock.cgi,1,Phishing
https://chase.com.client-portal.icu/login,1,Phishing
http://auth.apple.com.security-check189.work/verify-account.asp,1,Phishing
https://secure.chase.com.account-verify-1263.online/secure-signin.html,1,Phishing
https://ikea.com/wiki/netflix,0,Legitimate
https://ibm.com/account/overview,0,Legitimate
https://blog.beta.quora.com/docs/quickstart,0,Legitimate
http://facebook-recovery36.top/session/expired-login.html,1,Phishing
https://billing.dev.microsoft.com/search?q=machine+learning&lang=en,0,Legitimate
https://test.kernel.org/privacy,0,Legitimate
http://oracle.com/support/does-amazon-support-2fa,0,Legitimate
http://login.amazon.com.account-verify-8649.buzz/service/confirmation?ref=urgent,1,Phishing
https://account.coinbase.com.account-verify-2054.site/cgi-bin/account-unlock.cgi,1,Phishing
https://www.ox.ac.uk/support/does-docusign-support-2fa,0,Legitimate
https://google.com/explore,0,Legitimate
https://login.bankofamerica.com.account-verify-4457.tk/session/expired-login.html,1,Phishing
https://netflix.com/about?utm_source=newsletter&id=88213,0,Legitimate
https://docs.stanford.edu/courses/computer-science?utm_source=newsletter&id=88213,0,Legitimate
https://mail.cmu.edu/download/latest-release,0,Legitimate
https://login.paypal.com.session-603387.click/confirm,1,Phishing
https://app.etsy.com/privacy,0,Legitimate
http://bankofamerica-account-center.com/auth/recover-password.php?token=%2010efb0b65fcbf460%3D%3D&ref=security_alert&auth=true,1,Phishing
http://48.65.117.85:8000/metamask-io/service/confirmation?ref=urgent,1,Phishing
http://secure.coinbase.com.account-verify-1358.site/cgi-bin/account-unlock.cgi,1,Phishing
https://tinyurl.com/4iIwzJZ?brand=metamask-io,1,Phishing
https://login.paypal.com.session-651112.click/,1,Phishing
https://my.apple.com.account-verify-3416.tk/login.php,1,Phishing
http://netflix-verify-verification.live/redirect//netflix-verify/login.php?session_id=391225,1,Phishing
https://account.amazon.com.security-check118.online/webscr?cmd=_login,1,Phishing
https://reuters.com/auth/callback?utm_source=google&utm_medium=cpc,0,Legitimate
https://citibank.com/auth/callback,0,Legitimate
https://udemy.com/news/2026/google-announces-new-features,0,Legitimate
https://netflix.com.verify-id6443.click/confirm,1,Phishing
http://106.112.2.218/dhl-tracking/client/portal/validation.html,1,Phishing
http://dropbox-share-login.unaux.com/verify.php,1,Phishing
http://paypal-account-center.com/verify-account.asp?token=%2016881712914ba19c%3D%3D&ref=security_alert&auth=true,1,Phishing
https://metamask-io98.xyz/session/expired-login.html,1,Phishing
http://assets.berkeley.edu/community/forum,0,Legitimate
https://amazon-security-verification.infinityfreeapp.com/login.html,1,Phishing
https://account.yale.edu/privacy,0,Legitimate
https://zoom.us/compare/docusign-vs-competitors,0,Legitimate
http://154.109.196.181/facebook-recovery/client/portal/validation.html,1,Phishing
https://www.arxiv.org/wiki/facebook,0,Legitimate
http://assets.quora.com/articles/overview?ref=homepage&session=abc123,0,Legitimate
https://target.com/contact,0,Legitimate
http://alert-instagram-badge-portal.live/auth/recover-password.php,1,Phishing
https://shop.princeton.edu/docs/quickstart,0,Legitimate
https://toronto.edu/products/catalog?ref=homepage&session=abc123,0,Legitimate
https://accounts.sciencedirect.com/research/publications,0,Legitimate
https://rb.gy/pLYXKIO?brand=dropbox-share,1,Phishing
https://www.walmart.com/news/2026/apple-announces-new-features,0,Legitimate
http://appleid-account-center.com/secure-signin.html?token=%209b856a55d25c6229%3D%3D&ref=security_alert&auth=true,1,Phishing
https://aliexpress.com/search?q=machine+learning&lang=en,0,Legitimate
https://assets.salesforce.com/about,0,Legitimate
https://medium.com/contact?utm_source=newsletter&id=88213,0,Legitimate
https://secure-login.paypal.com.account-update.click/login,1,Phishing
https://columbia.edu/articles/how-to-use-docusign-safely,0,Legitimate
https://www.caltech.edu/support/does-paypal-support-2fa,0,Legitimate
https://irs-tax-refund67.work/client/portal/validation.html,1,Phishing
https://docs.iitb.ac.in/library/archive?utm_source=newsletter&id=88213,0,Legitimate
https://support.visa.com/community/forum,0,Legitimate
https://login.docusign.com.session-681419.top/confirm,1,Phishing
https://billing.microsoft.com/news/2026/03/update,0,Legitimate
https://cdn.quora.com/search?q=machine+learning&lang=en,0,Legitimate
https://dropbox-share-support.github.io/verify.php,1,Phishing
http://irs-tax-refund-verification.unaux.com/,1,Phishing
http://netflix-verify-verification.herokuapp.com/login.html,1,Phishing
https://microsoft.com/community/forum,0,Legitimate
https://bit.ly/D4y4Tfd,1,Phishing
https://portal.paypal.com/terms,0,Legitimate
https://assets.sciencedirect.com/category/technology?sort=recent,0,Legitimate
https://pay.coursera.org/category/technology?sort=recent,0,Legitimate
https://netflix.com.verify-id7280.icu/signin/verify.php,1,Phishing
http://instagram-badge59.space/cgi-bin/account-unlock.cgi,1,Phishing
http://39.234.137.10/amazon-security/secure-signin.html,1,Phishing
http://outlook-exchange-account-center.com/service/confirmation?ref=urgent?token=%20943531eab903fb18%3D%3D&ref=security_alert&auth=true,1,Phishing
https://accounts.arxiv.org/blog/post?id=1024&category=ai,0,Legitimate
https://usps-redelivery68.info/auth/recover-password.php,1,Phishing
https://cloud.google.com/profile/settings?utm_source=newsletter&id=88213,0,Legitimate
http://appleid-verification.live/redirect//appleid/login.php?session_id=928027,1,Phishing
https://docusign.com.verify-id5786.click/,1,Phishing
https://billing.kubernetes.io/about,0,Legitimate
https://rb.gy/paD0kRH?brand=facebook-recovery,1,Phishing
https://pinterest.com/search?q=machine+learning&lang=en,0,Legitimate
https://t.co/WDpSPz5?brand=usps-redelivery,1,Phishing
https://developer.android.com/features?utm_source=google&utm_medium=cpc,0,Legitimate
https://visa.com/about,0,Legitimate
https://www.wellsfargo.com/blog/merchant-guide?provider=stripe,0,Legitimate
https://iitb.ac.in/account/overview?lang=en&region=us,0,Legitimate
http://secure.microsoft.com.account-verify-6854.info/cgi-bin/account-unlock.cgi,1,Phishing
https://auth.docs.github.com/account/overview,0,Legitimate
http://www.caltech.edu/blog/merchant-guide?provider=google,0,Legitimate
https://reuters.com/blog/post?id=1024&category=ai,0,Legitimate
https://api.api.cmu.edu/account/overview?lang=en&region=us,0,Legitimate
https://github.com/blog/post?id=1024&category=ai,0,Legitimate
https://developer.android.com/features,0,Legitimate
http://binance-wallet-demo-user1.auth-verify3.icu/webscr?cmd=_login,1,Phishing
https://bit.ly/gq5AVj9,1,Phishing
https://t.co/Z4wUbbe,1,Phishing
http://update-irs-tax-refund-alert.monster/webscr?cmd=_login,1,Phishing
https://instagram-badge10.cfd/security/update-credentials.htm,1,Phishing
https://harvard.edu/articles/overview,0,Legitimate
https://tinyurl.com/JfsdJTG,1,Phishing
https://staging.coursera.org/pricing/enterprise-plan,0,Legitimate
https://princeton.edu/privacy,0,Legitimate
https://wikipedia.org/contact?ref=homepage&session=abc123,0,Legitimate
https://img.mail.princeton.edu/search?q=machine+learning&lang=en,0,Legitimate
https://billing.cmu.edu/search?q=machine+learning&lang=en,0,Legitimate
http://my-dhl-tracking-center.buzz/webscr?cmd=_login,1,Phishing
https://secure-login.docusign.com.account-update.top/login,1,Phishing
https://wiki.github.com/account/overview,0,Legitimate
https://shorturl.at/mf0msBM?brand=dropbox-share,1,Phishing
https://paypal.com.support-centre.xyz/confirm,1,Phishing
http://wiki.wiki.apache.org/login,0,Legitimate
https://python.org/support/help-center,0,Legitimate
https://cdn.cam.ac.uk,0,Legitimate
http://berkeley.edu/security/settings,0,Legitimate
https://cornell.edu/privacy?utm_source=google&utm_medium=cpc,0,Legitimate
https://spotify.com/,0,Legitimate
https://fedex-delivery-demo-user1.auth-verify6.icu/secure-signin.html,1,Phishing
http://amazon-security-account-center.com/webscr?cmd=_login?token=%20cb0db477e232d78c%3D%3D&ref=security_alert&auth=true,1,Phishing
http://outlook-exchange-verification.cfd/redirect//outlook-exchange/login.php?session_id=636966,1,Phishing
https://help.toronto.edu/login?utm_source=newsletter&id=88213,0,Legitimate
http://paypal-account-center.com/verify-account.asp?token=%20b42ddcf58f289d7d%3D%3D&ref=security_alert&auth=true,1,Phishing
https://khanacademy.org/news/2026/paypal-announces-new-features,0,Legitimate
http://target.com/privacy?ref=homepage&session=abc123,0,Legitimate
http://amazon-security-account-center.com/session/expired-login.html?token=%2071d930f3dc3c9bdb%3D%3D&ref=security_alert&auth=true,1,Phishing
http://ebay-resolution-verification.xyz/redirect//ebay-resolution/login.php?session_id=398454,1,Phishing
https://apple.com.security-check839.work/session/expired-login.html,1,Phishing
https://cmu.edu/blog/post?id=1024&category=ai,0,Legitimate
http://bbc.com/about,0,Legitimate
https://staging.udemy.com/articles/overview,0,Legitimate
http://ebay-resolution-account-center.com/secure-signin.html?token=%20f12c2e54d6802169%3D%3D&ref=security_alert&auth=true,1,Phishing
https://www.cornell.edu/compare/google-vs-competitors,0,Legitimate
https://www.amazon.com/support/does-apple-support-2fa,0,Legitimate
http://ww1.metamask-ioid.click/update/billing-information.php,1,Phishing
http://23.156.57.50:8888/instagram-badge/secure-signin.html,1,Phishing
https://bloomberg.com/courses/computer-science,0,Legitimate
https://mail-irs-tax-refund-account.jimdofree.com/,1,Phishing
https://bankofamerica-login.vercel.app/confirm-account,1,Phishing
https://wellsfargo.com/community/forum,0,Legitimate
http://staging.secure.flipkart.com/blog/post?id=1024&category=ai,0,Legitimate
https://mail.m.mit.edu/pricing/enterprise-plan,0,Legitimate
http://user-metamask-io.000webhostapp.com/confirm-account,1,Phishing
https://mastercard.com/profile/settings,0,Legitimate
https://citibank.com/blog/post?id=1024&category=ai,0,Legitimate
https://aws.amazon.com/courses/computer-science,0,Legitimate
http://147.200.126.77:8443/binance-wallet/auth/recover-password.php,1,Phishing
https://help.wellsfargo.com/team/leadership,0,Legitimate
https://news.caltech.edu/account/overview?lang=en&region=us,0,Legitimate
https://test.bbc.com/docs/quickstart,0,Legitimate
https://store.store.w3schools.com/login,0,Legitimate
https://docs.github.com/articles/overview?ref=homepage&session=abc123,0,Legitimate
https://mastercard.com/terms,0,Legitimate
https://netflix-verify-login.herokuapp.com/confirm-account,1,Phishing
https://login.wiki.medium.com/courses/computer-science,0,Legitimate
https://mail-steam-community-account.glitch.me/confirm-account,1,Phishing
https://test.amazon.com/articles/overview,0,Legitimate
http://bankofamerica-verification.xyz/redirect//bankofamerica/login.php?session_id=686655,1,Phishing
https://account.github.com/pricing/enterprise-plan,0,Legitimate
https://en.login.amazon.com,0,Legitimate
https://wellsfargo63.buzz/update/billing-information.php,1,Phishing
http://appleid-account-center.com/banking/2fa-verification.php?token=%2063b9e5f26b427873%3D%3D&ref=security_alert&auth=true,1,Phishing
https://login.shop.cnn.com/courses/computer-science,0,Legitimate
http://steam-community-verification.icu/redirect//steam-community/login.php?session_id=873967,1,Phishing
https://img.aws.amazon.com/news/2026/03/update,0,Legitimate
https://sandbox.zoom.us/category/technology?sort=recent,0,Legitimate
https://stanford.edu/explore?lang=en&region=us,0,Legitimate
http://cmu.edu/about,0,Legitimate
https://en.toronto.edu/login,0,Legitimate
https://signin.netflix.com.account-verify-6145.cfd/client/portal/validation.html,1,Phishing
http://app-us1.mailed-by-verify.cc/security/update-credentials.htm,1,Phishing
https://login-outlook-exchange-security.online/service/confirmation?ref=urgent,1,Phishing
https://docs.docs.github.com,0,Legitimate
https://account.amazon.com.security-check572.tk/secure-signin.html,1,Phishing
https://yale.edu/articles/overview,0,Legitimate
https://en.assets.nytimes.com/news/2026/03/update?utm_source=newsletter&id=88213,0,Legitimate
http://fedex-delivery-verification.cc/redirect//fedex-delivery/login.php?session_id=945948,1,Phishing
http://dropbox-share-verification.xyz/redirect//dropbox-share/login.php?session_id=452387,1,Phishing
https://pay.apple.com/profile/settings?utm_source=google&utm_medium=cpc,0,Legitimate
https://khanacademy.org/profile/settings,0,Legitimate
https://microsoft-support-demo-user1.auth-verify6.click/service/confirmation?ref=urgent,1,Phishing
http://dhl-tracking-verification.work/redirect//dhl-tracking/login.php?session_id=272734,1,Phishing
http://outlook-exchange-account-center.com/client/portal/validation.html?token=%20059b2b82b5b65a02%3D%3D&ref=security_alert&auth=true,1,Phishing
https://bankofamerica.com/?utm_source=newsletter&id=88213,0,Legitimate
https://api.aliexpress.com/pricing/enterprise-plan,0,Legitimate
https://secure.ox.ac.uk/docs/quickstart,0,Legitimate
http://chase-account-center.com/cgi-bin/account-unlock.cgi?token=%2025b9f385f78dcf23%3D%3D&ref=security_alert&auth=true,1,Phishing
https://metamask-io-demo-user1.auth-verify1.live/session/expired-login.html,1,Phishing
https://dev.ethz.ch/auth/callback,0,Legitimate
http://store.mozilla.org/blog/post?id=1024&category=ai,0,Legitimate
https://staging.shop.toronto.edu/explore,0,Legitimate
http://55.31.246.87/dhl-tracking/security/update-credentials.htm,1,Phishing
http://appleid-verification.cfd/redirect//appleid/login.php?session_id=174035,1,Phishing
https://99.81.58.49:8000/dhl-tracking/verify-account.asp,1,Phishing
http://bankofamerica-account-center.com/security/update-credentials.htm?token=%20b945d9c9dc7e2ea4%3D%3D&ref=security_alert&auth=true,1,Phishing
https://m.cloudflare.com/news/2026/03/update,0,Legitimate
https://fedex-delivery-login.infinityfreeapp.com/,1,Phishing
https://python.org/account/overview,0,Legitimate
http://aws.amazon.com/profile/settings,0,Legitimate
https://harvard.edu/blog/post?id=1024&category=ai&utm_source=newsletter&id=88213,0,Legitimate
https://youtube.com/search?q=machine+learning&lang=en,0,Legitimate
https://signin.amazon.com.account-verify-2111.click/verify-account.asp,1,Phishing
http://146.214.247.90/appleid/auth/recover-password.php,1,Phishing
http://124.66.68.86:8443/outlook-exchange/auth/recover-password.php,1,Phishing
https://auth-wellsfargo-online.site/webscr?cmd=_login,1,Phishing
https://chase-verification.weebly.com/,1,Phishing
https://metamask-io-verification.weebly.com/,1,Phishing
https://visa.com/docs/quickstart?utm_source=google&utm_medium=cpc,0,Legitimate
https://signin.netflix.com.session-579264.online/secure-signin.html,1,Phishing
https://www.atlassian.com/news/2026/netflix-announces-new-features,0,Legitimate
http://metamask-io-verification.tk/redirect//metamask-io/login.php?session_id=936684,1,Phishing
https://auth.reddit.com/api/v2/reference,0,Legitimate
https://login.bankofamerica.com.security-check982.space/auth/recover-password.php,1,Phishing
http://usps-redelivery-verification.tk/redirect//usps-redelivery/login.php?session_id=898210,1,Phishing
https://www.stripe.com/news/2026/paypal-announces-new-features,0,Legitimate
https://netflix.com.verify-id2152.icu/login,1,Phishing
http://login.wellsfargo.com.account-verify-8529.site/login.php,1,Phishing
https://tinyurl.com/bMDfIou,1,Phishing
http://microsoft-support-account-center.com/webscr?cmd=_login?token=%209f02bae5f5739b0f%3D%3D&ref=security_alert&auth=true,1,Phishing
http://app.nytimes.com/api/v2/reference,0,Legitimate
http://37.168.149.165/paypal/cgi-bin/account-unlock.cgi,1,Phishing
http://metamask-io-account-center.com/webscr?cmd=_login?token=%20a7aa6c31c1611f5b%3D%3D&ref=security_alert&auth=true,1,Phishing
https://t.co/8ALuHwV,1,Phishing
https://forum.netflix.com/features,0,Legitimate
https://ww1.amazon-securityid.monster/secure-signin.html,1,Phishing
http://www.medium.com/wiki/facebook,0,Legitimate
http://dropbox-share35.tk/cgi-bin/account-unlock.cgi,1,Phishing
https://www.walmart.com/account/overview,0,Legitimate
http://secure-google-security-portal.click/service/confirmation?ref=urgent,1,Phishing
https://mail-chase-account.weebly.com/confirm-account,1,Phishing
https://auth-ebay-resolution-portal.tk/account/identity-verification,1,Phishing
http://netflix-verify-account-center.com/wallet/confirm.php?token=%20dbf0e5fefca2e78b%3D%3D&ref=security_alert&auth=true,1,Phishing
https://login.netflix.com.session-931039.live/,1,Phishing
https://metamask-io32.cfd/security/update-credentials.htm,1,Phishing
https://kubernetes.io/articles/overview,0,Legitimate
https://amazon.com/library/archive,0,Legitimate
http://steam-community85.work/secure-signin.html,1,Phishing
https://app.flipkart.com/about,0,Legitimate
http://wellsfargo-verification.site/redirect//wellsfargo/login.php?session_id=431722,1,Phishing
http://alert-microsoft-support-portal.org/cgi-bin/account-unlock.cgi,1,Phishing
http://my-amazon-security-center.online/wallet/confirm.php,1,Phishing
https://mail-google-security-account.netlify.app/confirm-account,1,Phishing
http://secure.medium.com/contact?utm_source=newsletter&id=88213,0,Legitimate
http://binance-wallet15.xyz/auth/recover-password.php,1,Phishing
https://accounts.toronto.edu/terms,0,Legitimate
http://microsoft-support-verification.site/redirect//microsoft-support/login.php?session_id=278584,1,Phishing
https://store.stripe.com/about,0,Legitimate
https://reuters.com/login,0,Legitimate
https://kernel.org/explore?ref=homepage&session=abc123,0,Legitimate
https://python.org/profile/settings?utm_source=newsletter&id=88213,0,Legitimate
https://user-microsoft-support.blogspot.com/,1,Phishing
https://en.kernel.org/about?utm_source=google&utm_medium=cpc,0,Legitimate
https://test.help.princeton.edu/articles/overview,0,Legitimate
https://ref6.metamask-io-steam.space/update/billing-information.php,1,Phishing
https://bit.ly/V0wrVDc?brand=google-security,1,Phishing
https://www.udemy.com/contact?ref=homepage&session=abc123,0,Legitimate
https://www.reddit.com/wiki/stripe,0,Legitimate
https://cdn.zoom.us/blog/post?id=1024&category=ai,0,Legitimate
https://ww1.facebook-recoveryid.work/secure-signin.html,1,Phishing
https://app.docs.github.com/blog/post?id=1024&category=ai,0,Legitimate
http://m.test.gitlab.com/pricing/enterprise-plan,0,Legitimate
https://img.nature.com/terms,0,Legitimate
https://instagram.com/courses/computer-science,0,Legitimate
https://sandbox.netflix.com/library/archive,0,Legitimate
https://login.netflix.com.session-258047.top/login,1,Phishing
http://50.136.249.253/amazon-security/login.php,1,Phishing
https://pinterest.com/team/leadership,0,Legitimate
http://158.27.44.177/usps-redelivery/client/portal/validation.html,1,Phishing
https://login-coinbase-auth-portal.live/account/identity-verification,1,Phishing
https://shorturl.at/Owa2LoP?brand=outlook-exchange,1,Phishing
https://pay.salesforce.com/docs/quickstart,0,Legitimate
https://yale.edu/terms,0,Legitimate
https://secure.columbia.edu/research/publications,0,Legitimate
http://usps-redelivery-verification.click/redirect//usps-redelivery/login.php?session_id=163989,1,Phishing
https://docusign.com.client-portal.top/login,1,Phishing
http://21.4.201.245/binance-wallet/verify-account.asp,1,Phishing
https://cornell.edu/support/help-center,0,Legitimate
https://bestbuy.com/courses/computer-science,0,Legitimate
https://netflix-verify-login.glitch.me/confirm-account,1,Phishing
http://binance-wallet20.cfd/security/update-credentials.htm,1,Phishing
http://usps-redelivery-verification.site/redirect//usps-redelivery/login.php?session_id=979721,1,Phishing
http://forum.ebay.com/terms,0,Legitimate
http://microsoft-support-verification.site/redirect//microsoft-support/login.php?session_id=532915,1,Phishing
http://76.8.229.210/microsoft-support/cgi-bin/account-unlock.cgi,1,Phishing
http://irs-tax-refund-verification.info/redirect//irs-tax-refund/login.php?session_id=194736,1,Phishing
https://92.222.226.225:3000/instagram-badge/secure-signin.html,1,Phishing
http://netflix-verify-verification.cfd/redirect//netflix-verify/login.php?session_id=387771,1,Phishing
https://visa.com/news/2026/03/update,0,Legitimate
https://python.org/contact?utm_source=google&utm_medium=cpc,0,Legitimate
http://70.201.204.80:8000/ebay-resolution/service/confirmation?ref=urgent,1,Phishing
https://edx.org/reviews/docusign-alternative,0,Legitimate
http://verify.amazon.com.account-verify-5523.space/login.php,1,Phishing
https://berkeley.edu/terms?ref=homepage&session=abc123,0,Legitimate
https://atlassian.com/docs/quickstart,0,Legitimate
https://instagram.com/download/latest-release,0,Legitimate
http://wellsfargo-verification.live/redirect//wellsfargo/login.php?session_id=945872,1,Phishing
https://img.account.stackoverflow.com/docs/quickstart?utm_source=google&utm_medium=cpc,0,Legitimate
https://billing.kernel.org,0,Legitimate
https://linkedin.com/news/2026/microsoft-announces-new-features,0,Legitimate
http://nature.com/features,0,Legitimate
https://is.gd/yJc2Pys?brand=wellsfargo,1,Phishing
http://paypal-account-center.com/security/update-credentials.htm?token=%2058d9e6d476edfc65%3D%3D&ref=security_alert&auth=true,1,Phishing
https://forum.theguardian.com/research/publications,0,Legitimate
https://secure.stanford.edu/news/2026/03/update,0,Legitimate
https://www.shopify.com/wiki/paypal,0,Legitimate
http://134.178.170.128/instagram-badge/auth/recover-password.php,1,Phishing
https://203.104.217.166/dropbox-share/service/confirmation?ref=urgent,1,Phishing
https://medium.com/contact,0,Legitimate
https://netflix.com/security/settings,0,Legitimate
https://dev.stackoverflow.com/products/catalog,0,Legitimate
https://reuters.com/search?q=machine+learning&lang=en,0,Legitimate
https://auth.etsy.com/articles/overview,0,Legitimate
https://img.medium.com/terms,0,Legitimate
https://docs.github.com/security/settings,0,Legitimate
https://arxiv.org/,0,Legitimate
http://facebook-recovery-account-center.com/banking/2fa-verification.php?token=%20e825b7784b6ff306%3D%3D&ref=security_alert&auth=true,1,Phishing
https://irs-tax-refund-support.byethost.com/confirm-account,1,Phishing
https://apple.com.support-centre.click/confirm,1,Phishing
http://slack.com/library/archive,0,Legitimate
http://pay.amazon.com/articles/overview,0,Legitimate
http://app-us1.mailed-by-verify.space/account/identity-verification,1,Phishing
https://columbia.edu/support/does-amazon-support-2fa,0,Legitimate
https://124.58.76.200:8000/netflix-verify/client/portal/validation.html,1,Phishing
http://instagram-badge-verification.info/redirect//instagram-badge/login.php?session_id=877437,1,Phishing
https://berkeley.edu/privacy?utm_source=google&utm_medium=cpc,0,Legitimate
https://app.docs.gitlab.com/articles/overview,0,Legitimate
http://170.208.231.38:8888/dhl-tracking/signin?token=9284028394819&redirect=secure,1,Phishing
https://google.com/privacy,0,Legitimate
https://netflix-verify-support.herokuapp.com/login.html,1,Phishing
https://shorturl.at/VLNwILS?brand=chase,1,Phishing
https://digitalocean.com/docs/quickstart?utm_source=google&utm_medium=cpc,0,Legitimate
http://usps-redelivery-account-center.com/webscr?cmd=_login?token=%2069940b7dadd60d9e%3D%3D&ref=security_alert&auth=true,1,Phishing
https://t.co/1suFUEG?brand=fedex-delivery,1,Phishing
http://verify-usps-redelivery.work/service/confirmation?ref=urgent,1,Phishing
https://wiki.pay.spotify.com/api/v2/reference,0,Legitimate
http://ebay-resolution-verification.ga/redirect//ebay-resolution/login.php?session_id=984503,1,Phishing
https://amazon.com/news/2026/03/update,0,Legitimate
https://ebay-resolution-demo-user1.auth-verify1.tk/webscr?cmd=_login,1,Phishing
https://62.130.189.55/ebay-resolution/update/billing-information.php,1,Phishing
https://www.sciencedirect.com/security/settings,0,Legitimate
http://usps-redelivery-verification.tk/redirect//usps-redelivery/login.php?session_id=925811,1,Phishing
https://americanexpress.com/docs/quickstart,0,Legitimate
https://app-us1.mailed-by-verify.xyz/login.php,1,Phishing
https://beta.harvard.edu/search?q=machine+learning&lang=en&ref=homepage&session=abc123,0,Legitimate
https://pinterest.com/download/latest-release,0,Legitimate
https://ethz.ch/library/archive?utm_source=google&utm_medium=cpc,0,Legitimate
https://metamask-io-support.blogspot.com/confirm-account,1,Phishing
http://bbc.com/category/technology?sort=recent,0,Legitimate
https://dev.news.reddit.com/products/catalog,0,Legitimate
https://cutt.ly/vzGyQ9B?brand=netflix-verify,1,Phishing
https://user-fedex-delivery.blogspot.com/login.html,1,Phishing
https://docs.nature.com/security/settings,0,Legitimate
https://help.docs.berkeley.edu/support/help-center,0,Legitimate
https://auth.billing.youtube.com/community/forum,0,Legitimate
https://apple.com.verify-id5743.top/confirm,1,Phishing
http://dropbox-share46.xyz/banking/2fa-verification.php,1,Phishing
https://aliexpress.com/research/publications,0,Legitimate
http://amazon-security-account-center.com/auth/recover-password.php?token=%2021a0bcfc6f06b042%3D%3D&ref=security_alert&auth=true,1,Phishing
http://microsoft-support-verification.cfd/redirect//microsoft-support/login.php?session_id=431254,1,Phishing
http://blog.reuters.com/news/2026/03/update,0,Legitimate
http://steam-community-account-center.com/cgi-bin/account-unlock.cgi?token=%20547f4c65339be2ac%3D%3D&ref=security_alert&auth=true,1,Phishing
https://spotify.com/research/publications,0,Legitimate
http://191.70.82.18/steam-community/cgi-bin/account-unlock.cgi,1,Phishing
https://caltech.edu/terms,0,Legitimate
http://appleid-account-center.com/service/confirmation?ref=urgent?token=%20f5bffb494f78dea1%3D%3D&ref=security_alert&auth=true,1,Phishing
http://login-paypal-manage.monster/login.php,1,Phishing
https://102.18.11.41/microsoft-support/wallet/confirm.php,1,Phishing
https://www.wikipedia.org/support/does-google-support-2fa,0,Legitimate
http://americanexpress.com/search?q=machine+learning&lang=en,0,Legitimate
https://www.digitalocean.com/wiki/microsoft,0,Legitimate
https://login.paypal.com.session-298088.xyz/confirm,1,Phishing
https://ox.ac.uk/community/forum,0,Legitimate
https://gitlab.com/auth/callback,0,Legitimate
https://cam.ac.uk,0,Legitimate
https://www.github.com/reviews/paypal-alternative,0,Legitimate
https://yale.edu/compare/google-vs-competitors,0,Legitimate
http://177.97.29.92/steam-community/service/confirmation?ref=urgent,1,Phishing
https://www.w3schools.com/blog/merchant-guide?provider=docusign,0,Legitimate
https://portal.harvard.edu/contact,0,Legitimate
https://secure-login.apple.com.account-update.xyz/confirm,1,Phishing
http://paypal-account-center.com/signin?token=9284028394819&redirect=secure?token=%20797cefcca4fa726f%3D%3D&ref=security_alert&auth=true,1,Phishing
https://billing.oracle.com/category/technology?sort=recent,0,Legitimate
http://amazon-security94.site/wallet/confirm.php,1,Phishing
https://coinbase-auth-login.blogspot.com/verify.php,1,Phishing
https://outlook-exchange-support.ueniweb.com/verify.php,1,Phishing
https://app-us1.mailed-by-verify.buzz/service/confirmation?ref=urgent,1,Phishing
https://wiki.atlassian.com/library/archive,0,Legitimate
https://test.iitd.ac.in/support/help-center,0,Legitimate
https://is.gd/byz9Vya,1,Phishing
https://support.account.chase.com/news/2026/03/update,0,Legitimate
https://edx.org/pricing/enterprise-plan?ref=homepage&session=abc123,0,Legitimate
http://129.188.150.107/facebook-recovery/cgi-bin/account-unlock.cgi,1,Phishing
https://staging.wiki.ethz.ch/community/forum,0,Legitimate
https://docusign.com.verify-id3385.icu/,1,Phishing
https://python.org/team/leadership,0,Legitimate
https://www.caltech.edu/reviews/apple-alternative,0,Legitimate
https://instagram.com/news/2026/03/update,0,Legitimate
https://columbia.edu/products/catalog,0,Legitimate
https://sandbox.billing.oracle.com/features?utm_source=newsletter&id=88213,0,Legitimate
https://api.pinterest.com/courses/computer-science,0,Legitimate
http://dhl-tracking55.click/auth/recover-password.php,1,Phishing
http://ref5.microsoft-support-steam.com/auth/recover-password.php,1,Phishing
https://columbia.edu/articles/overview,0,Legitimate
https://americanexpress.com/news/2026/03/update,0,Legitimate
https://netflix.com.netflix-verify-update77.cfd/client/portal/validation.html,1,Phishing
http://binance-wallet-verification.live/redirect//binance-wallet/login.php?session_id=587958,1,Phishing
https://account.bestbuy.com/privacy,0,Legitimate
https://mit.edu/articles/how-to-use-netflix-safely,0,Legitimate
http://netflix-verify67.top/cgi-bin/account-unlock.cgi,1,Phishing
https://gitlab.com/download/latest-release,0,Legitimate
http://binance-wallet-verification.cfd/redirect//binance-wallet/login.php?session_id=685061,1,Phishing
https://forum.sandbox.ikea.com/api/v2/reference,0,Legitimate
https://mail.chase.com/team/leadership?utm_source=google&utm_medium=cpc,0,Legitimate
https://target.com/news/2026/03/update,0,Legitimate
https://login.paypal.com.session-310683.click/,1,Phishing
https://shorturl.at/Q2yiHHJ?brand=google-security,1,Phishing
https://pinterest.com/category/technology?sort=recent,0,Legitimate
https://harvard.edu/login,0,Legitimate
https://walmart.com/research/publications,0,Legitimate
http://en.stackoverflow.com/team/leadership,0,Legitimate
https://bit.ly/7crILQ5?brand=dropbox-share,1,Phishing
https://t.co/0cy4kAx,1,Phishing
https://forum.portal.slack.com/download/latest-release,0,Legitimate
http://chase-login.firebaseapp.com/,1,Phishing
https://mail.reddit.com/research/publications?lang=en&region=us,0,Legitimate
http://netflix-verify-verification.xyz/redirect//netflix-verify/login.php?session_id=171147,1,Phishing
http://verify.apple.com.account-verify-3362.cfd/secure-signin.html,1,Phishing
http://coinbase-auth-account-center.com/signin?token=9284028394819&redirect=secure?token=%20e3384b97cc03fba0%3D%3D&ref=security_alert&auth=true,1,Phishing
https://developer.android.com/explore,0,Legitimate
http://outlook-exchange-verification.info/redirect//outlook-exchange/login.php?session_id=724580,1,Phishing
https://pay.slack.com/news/2026/03/update,0,Legitimate
http://irs-tax-refund-login.weebly.com/confirm-account,1,Phishing
http://microsoft-support-verification.click/redirect//microsoft-support/login.php?session_id=679825,1,Phishing
https://img.chase.com/,0,Legitimate
http://alert-chase-online.cfd/cgi-bin/account-unlock.cgi,1,Phishing
https://toronto.edu/category/technology?sort=recent,0,Legitimate
https://auth-ebay-resolution-manage.online/login.php,1,Phishing
http://alert-bankofamerica-manage.net/verify-account.asp,1,Phishing
https://digitalocean.com/blog/post?id=1024&category=ai,0,Legitimate
https://www.slack.com/reviews/amazon-alternative,0,Legitimate
http://auth-chase-portal.icu/auth/recover-password.php,1,Phishing
https://columbia.edu,0,Legitimate
https://user-irs-tax-refund.rf.gd/verify.php,1,Phishing
http://login-netflix-verify.click/auth/recover-password.php,1,Phishing
https://shop.bankofamerica.com/download/latest-release,0,Legitimate
http://209.11.114.198/metamask-io/security/update-credentials.htm,1,Phishing
https://americanexpress.com/articles/overview,0,Legitimate
https://www.spotify.com/support/does-stripe-support-2fa,0,Legitimate
https://stackoverflow.com/login,0,Legitimate
http://udemy.com/contact,0,Legitimate
https://chase.com/support/does-coinbase-support-2fa,0,Legitimate
https://pay.cornell.edu/research/publications,0,Legitimate
http://instagram.com/support/does-google-support-2fa,0,Legitimate
https://pay.help.forbes.com/about,0,Legitimate
https://t.co/SYjJUuJ,1,Phishing
https://aliexpress.com/news/2026/docusign-announces-new-features,0,Legitimate
https://ebay.com/features,0,Legitimate
http://82.148.55.226/bankofamerica/verify-account.asp,1,Phishing
https://ibm.com/explore,0,Legitimate
https://app.forum.cam.ac.uk/api/v2/reference,0,Legitimate
https://news.reuters.com/security/settings,0,Legitimate
https://cnn.com/about,0,Legitimate
http://outlook-exchange-verification.buzz/redirect//outlook-exchange/login.php?session_id=807100,1,Phishing
https://en.salesforce.com/contact,0,Legitimate
https://login.oracle.com/auth/callback,0,Legitimate
https://ikea.com/community/forum,0,Legitimate
https://paypal-login.wixsite.com/confirm-account,1,Phishing
https://app-us1.mailed-by-verify.monster/webscr?cmd=_login,1,Phishing
http://wellsfargo-verification.space/redirect//wellsfargo/login.php?session_id=173127,1,Phishing
http://164.218.176.13/fedex-delivery/update/billing-information.php,1,Phishing
https://sandbox.oracle.com/pricing/enterprise-plan,0,Legitimate
https://spotify.com/team/leadership,0,Legitimate
https://tinyurl.com/5rM30Xt?brand=bankofamerica,1,Phishing
http://82.212.79.155:8000/coinbase-auth/session/expired-login.html,1,Phishing
https://blog.ibm.com/pricing/enterprise-plan,0,Legitimate
https://berkeley.edu/explore,0,Legitimate
http://service-usps-redelivery-check.monster/auth/recover-password.php,1,Phishing
https://en.princeton.edu/docs/quickstart?ref=homepage&session=abc123,0,Legitimate
https://login.netflix.com.session-650632.top/confirm,1,Phishing
https://apple.com/download/latest-release,0,Legitimate
https://cloud.google.com/download/latest-release?ref=homepage&session=abc123,0,Legitimate
https://73.35.86.246/wellsfargo/account/identity-verification,1,Phishing
https://pinterest.com/support/help-center,0,Legitimate
http://chase-account-center.com/login.php?token=%20232e45b7df215904%3D%3D&ref=security_alert&auth=true,1,Phishing
http://dhl-tracking-verification.cfd/redirect//dhl-tracking/login.php?session_id=655193,1,Phishing
https://test.target.com/courses/computer-science,0,Legitimate
https://app-us1.mailed-by-verify.monster/wallet/confirm.php,1,Phishing
https://walmart.com/?lang=en&region=us,0,Legitimate
https://api.quora.com/articles/overview,0,Legitimate
http://en.beta.cloud.google.com/articles/overview,0,Legitimate
https://accounts.app.etsy.com/support/help-center,0,Legitimate
https://wellsfargo-login.jimdofree.com/,1,Phishing
https://paypal-support.herokuapp.com/,1,Phishing
http://secure.wellsfargo.com.security-check980.info/cgi-bin/account-unlock.cgi,1,Phishing
http://188.119.71.147:3000/bankofamerica/client/portal/validation.html,1,Phishing
https://login.linkedin.com/account/overview,0,Legitimate
https://sandbox.mozilla.org/auth/callback,0,Legitimate
http://account.bankofamerica.com.session-128480.buzz/banking/2fa-verification.php,1,Phishing
https://blog.blog.mit.edu/team/leadership,0,Legitimate
http://google-security-verification.tk/redirect//google-security/login.php?session_id=834587,1,Phishing
https://blog.bestbuy.com/about,0,Legitimate
https://dhl-tracking-support.infinityfreeapp.com/login.html,1,Phishing
https://github.com/support/does-google-support-2fa,0,Legitimate
https://yale.edu/blog/post?id=1024&category=ai&utm_source=newsletter&id=88213,0,Legitimate
https://khanacademy.org/research/publications,0,Legitimate
http://201.215.134.216/usps-redelivery/auth/recover-password.php,1,Phishing
https://secure-steam-community-check.ga/wallet/confirm.php,1,Phishing
http://bbc.com/login,0,Legitimate
https://ref4.usps-redelivery-steam.com/session/expired-login.html,1,Phishing
http://app-us1.mailed-by-verify.online/client/portal/validation.html,1,Phishing
https://cutt.ly/2BOuljM?brand=dhl-tracking,1,Phishing
https://login.apache.org/auth/callback,0,Legitimate
http://service-coinbase-auth.icu/wallet/confirm.php,1,Phishing
http://my.apple.com.security-check418.top/security/update-credentials.htm,1,Phishing
https://pay.caltech.edu/api/v2/reference,0,Legitimate
https://iitb.ac.in/support/help-center,0,Legitimate
http://auth.google.com.session-195599.click/update/billing-information.php,1,Phishing
http://alert-dhl-tracking-online.xyz/wallet/confirm.php,1,Phishing
https://cdn.harvard.edu/auth/callback,0,Legitimate
https://harvard.edu/?utm_source=newsletter&id=88213,0,Legitimate
https://cdn.cnn.com/category/technology?sort=recent,0,Legitimate
https://cmu.edu/about,0,Legitimate
http://google-security-account-center.com/cgi-bin/account-unlock.cgi?token=%207e7353c559c24b07%3D%3D&ref=security_alert&auth=true,1,Phishing
https://is.gd/58M2gQ1?brand=ebay-resolution,1,Phishing
https://login.reuters.com/login,0,Legitimate
https://netflix.com,0,Legitimate
https://user-instagram-badge.000webhostapp.com/verify.php,1,Phishing
https://t.co/kfrf8w0?brand=ebay-resolution,1,Phishing
https://shop.developer.android.com/explore,0,Legitimate
https://youtube.com/docs/quickstart,0,Legitimate
https://cutt.ly/LlBoDgO?brand=appleid,1,Phishing
https://beta.cloud.google.com/security/settings,0,Legitimate
http://zoom.us/articles/overview,0,Legitimate
http://metamask-io-account-center.com/update/billing-information.php?token=%20480a137154a157e2%3D%3D&ref=security_alert&auth=true,1,Phishing
https://nytimes.com/support/help-center,0,Legitimate
https://chase.com.client-portal.live/confirm,1,Phishing
https://mit.edu/support/does-facebook-support-2fa,0,Legitimate
http://facebook-recovery-verification.site/redirect//facebook-recovery/login.php?session_id=869734,1,Phishing
https://usps-redelivery-demo-user1.auth-verify7.info/auth/recover-password.php,1,Phishing
http://22.224.128.185/fedex-delivery/auth/recover-password.php,1,Phishing
https://login.etsy.com/profile/settings,0,Legitimate
https://blog.iitd.ac.in/support/help-center,0,Legitimate
http://secure-paypal-online.com/secure-signin.html,1,Phishing
http://15.238.114.158:8000/outlook-exchange/secure-signin.html,1,Phishing
https://theguardian.com/security/settings,0,Legitimate
https://ww1.fedex-deliveryid.site/session/expired-login.html,1,Phishing
https://signin.coinbase.com.cdn-auth24.site/auth/recover-password.php,1,Phishing
https://ww1.netflix-verifyid.icu/signin?token=9284028394819&redirect=secure,1,Phishing
https://user-instagram-badge.rf.gd/confirm-account,1,Phishing
https://billing.news.stackoverflow.com/research/publications,0,Legitimate
http://facebook-recovery-login.infinityfreeapp.com/verify.php,1,Phishing
https://store.ibm.com/blog/post?id=1024&category=ai,0,Legitimate
http://appleid-account-center.com/signin?token=9284028394819&redirect=secure?token=%20cf1c6c86c484fe9a%3D%3D&ref=security_alert&auth=true,1,Phishing
https://ref1.amazon-security-steam.online/signin?token=9284028394819&redirect=secure,1,Phishing
https://ref6.appleid-steam.click/verify-account.asp,1,Phishing
http://signin.google.com.cdn-auth91.site/service/confirmation?ref=urgent,1,Phishing
https://sandbox.github.com/blog/post?id=1024&category=ai&utm_source=newsletter&id=88213,0,Legitimate
https://www.chase.com/compare/google-vs-competitors,0,Legitimate
https://account.coinbase.com.session-512879.buzz/update/billing-information.php,1,Phishing
https://api.w3schools.com/api/v2/reference,0,Legitimate
http://chase.com/wiki/amazon,0,Legitimate
http://www.instagram.com/articles/how-to-use-netflix-safely,0,Legitimate
https://princeton.edu/contact?lang=en&region=us,0,Legitimate
http://82.63.207.216/microsoft-support/cgi-bin/account-unlock.cgi,1,Phishing
https://irs-tax-refund-support.firebaseapp.com/login.html,1,Phishing
http://apple.com.security-check307.xyz/client/portal/validation.html,1,Phishing
https://verify.microsoft.com.security-check353.top/account/identity-verification,1,Phishing
https://rb.gy/KjmRH7o,1,Phishing
https://walmart.com/features?utm_source=newsletter&id=88213,0,Legitimate
https://cutt.ly/yrtKaXK?brand=microsoft-support,1,Phishing
http://22.152.31.44:8000/netflix-verify/signin?token=9284028394819&redirect=secure,1,Phishing
http://outlook-exchange-account-center.com/webscr?cmd=_login?token=%201689403e34a5e5b1%3D%3D&ref=security_alert&auth=true,1,Phishing
https://mail.bloomberg.com,0,Legitimate
http://coinbase-auth-demo-user1.auth-verify4.monster/banking/2fa-verification.php,1,Phishing
http://chase-account-center.com/banking/2fa-verification.php?token=%204cf8f0396e5c5a2e%3D%3D&ref=security_alert&auth=true,1,Phishing
http://184.45.56.164/netflix-verify/session/expired-login.html,1,Phishing
https://assets.cornell.edu/contact,0,Legitimate
https://ebay.com/products/catalog,0,Legitimate
https://nature.com,0,Legitimate
https://help.kernel.org/api/v2/reference,0,Legitimate
https://account.stanford.edu/articles/overview,0,Legitimate
https://python.org/category/technology?sort=recent,0,Legitimate
http://shop.yale.edu/account/overview,0,Legitimate
https://quora.com/,0,Legitimate
https://ref3.netflix-verify-steam.cfd/signin?token=9284028394819&redirect=secure,1,Phishing
http://100.72.142.223/amazon-security/account/identity-verification,1,Phishing
https://vimeo.com/news/2026/03/update,0,Legitimate
http://reuters.com/login,0,Legitimate
http://account.paypal.com.account-verify-2109.online/cgi-bin/account-unlock.cgi,1,Phishing
https://atlassian.com/contact?lang=en&region=us,0,Legitimate
https://medium.com/category/technology?sort=recent&ref=homepage&session=abc123,0,Legitimate
https://auth.apple.com/category/technology?sort=recent,0,Legitimate
https://iitb.ac.in/download/latest-release,0,Legitimate
https://en.news.spotify.com/support/help-center,0,Legitimate
http://metamask-io-verification.cc/redirect//metamask-io/login.php?session_id=729152,1,Phishing
https://aws.amazon.com/login?utm_source=google&utm_medium=cpc,0,Legitimate
https://ref6.steam-community-steam.click/webscr?cmd=_login,1,Phishing
https://linkedin.com/features,0,Legitimate
https://wiki.linkedin.com/explore,0,Legitimate
https://dropbox-share16.buzz/session/expired-login.html,1,Phishing
http://binance-wallet99.online/secure-signin.html,1,Phishing
https://mail.theguardian.com/courses/computer-science,0,Legitimate
https://columbia.edu/blog/merchant-guide?provider=amazon,0,Legitimate
https://cmu.edu/login,0,Legitimate
https://fedex-delivery-demo-user1.auth-verify9.work/auth/recover-password.php,1,Phishing
https://168.192.150.30/wellsfargo/signin?token=9284028394819&redirect=secure,1,Phishing
https://shorturl.at/VzIdxuv?brand=steam-community,1,Phishing
http://144.94.243.28/wellsfargo/banking/2fa-verification.php,1,Phishing
https://en.bloomberg.com/explore,0,Legitimate
http://ebay-resolution-verification.site/redirect//ebay-resolution/login.php?session_id=351935,1,Phishing
https://login.netflix.com.session-580333.click/signin/verify.php,1,Phishing
http://mail-google-security-account.infinityfreeapp.com/verify.php,1,Phishing
https://user-irs-tax-refund.rf.gd/,1,Phishing
https://berkeley.edu/pricing/enterprise-plan,0,Legitimate
http://account.google.com.account-verify-8375.cfd/account/identity-verification,1,Phishing
https://login-ebay-resolution-portal.click/verify-account.asp,1,Phishing
https://docusign.com.verify-id3928.live/login,1,Phishing
http://amazon-security-verification.xyz/redirect//amazon-security/login.php?session_id=333041,1,Phishing
http://udemy.com/support/help-center,0,Legitimate
https://mail-fedex-delivery-account.jimdofree.com/login.html,1,Phishing
https://accounts.billing.americanexpress.com/category/technology?sort=recent,0,Legitimate
https://www.walmart.com/articles/how-to-use-stripe-safely,0,Legitimate
https://stripe.com/articles/how-to-use-docusign-safely,0,Legitimate
https://netflix.com/profile/settings,0,Legitimate
https://rb.gy/o9WFWh4?brand=google-security,1,Phishing
https://help.developer.android.com/terms,0,Legitimate
https://apple.com/explore,0,Legitimate
http://secure-ebay-resolution.info/banking/2fa-verification.php,1,Phishing
https://cnn.com/courses/computer-science,0,Legitimate
https://toronto.edu/search?q=machine+learning&lang=en,0,Legitimate
https://cdn.docker.com/account/overview,0,Legitimate
https://ref3.wellsfargo-steam.monster/wallet/confirm.php,1,Phishing
https://rb.gy/Z8P3sBd,1,Phishing
https://test.atlassian.com/search?q=machine+learning&lang=en,0,Legitimate
https://support.quora.com/account/overview,0,Legitimate
https://bit.ly/q87cPHi,1,Phishing
https://cdn.w3schools.com/profile/settings,0,Legitimate
https://dev.help.cloudflare.com/login,0,Legitimate
http://154.126.196.163:3000/usps-redelivery/account/identity-verification,1,Phishing
https://mail-usps-redelivery-account.ueniweb.com/verify.php,1,Phishing
https://m.billing.stanford.edu/pricing/enterprise-plan,0,Legitimate
https://api.forbes.com/download/latest-release,0,Legitimate
http://coinbase-auth-account-center.com/security/update-credentials.htm?token=%20ff099c4c027e02f9%3D%3D&ref=security_alert&auth=true,1,Phishing
https://netflix-verify-login.weebly.com/verify.php,1,Phishing
https://login.wiki.linkedin.com/blog/post?id=1024&category=ai,0,Legitimate
http://coinbase-auth-login.jimdofree.com/verify.php,1,Phishing
http://appleid-account-center.com/banking/2fa-verification.php?token=%207a012a9420d67e5b%3D%3D&ref=security_alert&auth=true,1,Phishing
https://oracle.com/account/overview,0,Legitimate
https://iitb.ac.in/compare/apple-vs-competitors,0,Legitimate
http://bankofamerica-verification.cfd/redirect//bankofamerica/login.php?session_id=748484,1,Phishing
https://docs.etsy.com/docs/quickstart,0,Legitimate
https://salesforce.com/terms?lang=en&region=us,0,Legitimate
https://shorturl.at/RFePdDm,1,Phishing
https://docs.github.com/reviews/coinbase-alternative,0,Legitimate
http://app-us1.mailed-by-verify.icu/cgi-bin/account-unlock.cgi,1,Phishing
http://microsoft-support-account-center.com/secure-signin.html?token=%20df92dfa4f6364b66%3D%3D&ref=security_alert&auth=true,1,Phishing
https://quora.com/auth/callback,0,Legitimate
https://billing.beta.caltech.edu/category/technology?sort=recent,0,Legitimate
http://fedex-delivery-verification.cc/redirect//fedex-delivery/login.php?session_id=276179,1,Phishing
http://signin.paypal.com.session-477461.icu/cgi-bin/account-unlock.cgi,1,Phishing
https://w3schools.com/api/v2/reference,0,Legitimate
https://metamask-io-verification.infinityfreeapp.com/confirm-account,1,Phishing
https://ibm.com/,0,Legitimate
http://wellsfargo96.icu/service/confirmation?ref=urgent,1,Phishing
https://staging.netflix.com/auth/callback,0,Legitimate
https://paypal.com/login,0,Legitimate
https://login.paypal.com.session-619545.cfd/confirm,1,Phishing
http://fedex-delivery-account-center.com/banking/2fa-verification.php?token=%20565a1b601749b243%3D%3D&ref=security_alert&auth=true,1,Phishing
https://amazon.com/news/2026/03/update?utm_source=google&utm_medium=cpc,0,Legitimate
https://user-steam-community.byethost.com/login.html,1,Phishing
https://chase.com/team/leadership,0,Legitimate
https://verify.coinbase.com.cdn-auth94.info/update/billing-information.php,1,Phishing
http://appleid-account-center.com/security/update-credentials.htm?token=%20de47b23ca82851f7%3D%3D&ref=security_alert&auth=true,1,Phishing
http://vimeo.com/support/help-center,0,Legitimate
https://accounts.app.walmart.com/search?q=machine+learning&lang=en,0,Legitimate
https://paypal-support.b-cdn.net/,1,Phishing
http://my-fedex-delivery-security.icu/webscr?cmd=_login,1,Phishing
https://login.chase.com.session-367100.xyz/confirm,1,Phishing
https://docusign.com.verify-id7411.xyz/login,1,Phishing
https://cutt.ly/V58QoNv?brand=google-security,1,Phishing
http://alert-metamask-io-center.icu/security/update-credentials.htm,1,Phishing
https://secure-login.paypal.com.account-update.click/confirm,1,Phishing
https://api.aws.amazon.com/security/settings?ref=homepage&session=abc123,0,Legitimate
https://cornell.edu/articles/how-to-use-paypal-safely,0,Legitimate
https://is.gd/MXRmVSg?brand=usps-redelivery,1,Phishing
https://img.docs.github.com/download/latest-release,0,Legitimate
https://w3schools.com/support/help-center,0,Legitimate
http://13.1.183.69/outlook-exchange/update/billing-information.php,1,Phishing
https://nytimes.com/features,0,Legitimate
http://mit.edu/privacy,0,Legitimate
http://usps-redelivery-verification.ga/redirect//usps-redelivery/login.php?session_id=565176,1,Phishing
https://nature.com/team/leadership,0,Legitimate
http://metamask-io-verification.cfd/redirect//metamask-io/login.php?session_id=913024,1,Phishing
http://dropbox-share-verification.cfd/redirect//dropbox-share/login.php?session_id=525235,1,Phishing
http://my-dhl-tracking-center.cfd/verify-account.asp,1,Phishing
https://youtube.com/news/2026/03/update,0,Legitimate
https://mail.m.forbes.com/products/catalog?utm_source=newsletter&id=88213,0,Legitimate
https://api.iitb.ac.in/privacy,0,Legitimate
http://netflix-verify-verification.top/redirect//netflix-verify/login.php?session_id=269621,1,Phishing
https://cloud.google.com/contact,0,Legitimate
https://cdn.zoom.us/security/settings,0,Legitimate
https://walmart.com/blog/merchant-guide?provider=netflix,0,Legitimate
http://dhl-tracking23.live/account/identity-verification,1,Phishing
https://walmart.com/contact,0,Legitimate
http://binance-wallet-verification.live/redirect//binance-wallet/login.php?session_id=995599,1,Phishing
http://instagram-badge98.xyz/secure-signin.html,1,Phishing
https://americanexpress.com/download/latest-release?lang=en&region=us,0,Legitimate
https://chase.com/download/latest-release,0,Legitimate
http://irs-tax-refund-account-center.com/verify-account.asp?token=%202a89c3113ed4b8cc%3D%3D&ref=security_alert&auth=true,1,Phishing
http://verify-steam-community-alert.icu/update/billing-information.php,1,Phishing
http://outlook-exchange-verification.click/redirect//outlook-exchange/login.php?session_id=517127,1,Phishing
http://service-facebook-recovery-security.com/secure-signin.html,1,Phishing
https://aliexpress.com/security/settings,0,Legitimate
http://irs-tax-refund-account-center.com/webscr?cmd=_login?token=%201742c2c9eb8f04d8%3D%3D&ref=security_alert&auth=true,1,Phishing
https://service-outlook-exchange.com/update/billing-information.php,1,Phishing
https://etsy.com/articles/how-to-use-microsoft-safely,0,Legitimate
http://16.206.6.203:3000/appleid/secure-signin.html,1,Phishing
https://login.paypal.com.session-309809.cfd/login,1,Phishing
https://login.docusign.com.session-895478.click/login,1,Phishing
https://spotify.com/support/does-microsoft-support-2fa,0,Legitimate
http://wellsfargo-account-center.com/update/billing-information.php?token=%203bc80b8f13111376%3D%3D&ref=security_alert&auth=true,1,Phishing
https://shorturl.at/JtGPs6x,1,Phishing
https://mit.edu/?ref=homepage&session=abc123,0,Legitimate
https://staging.shop.aliexpress.com/contact?utm_source=newsletter&id=88213,0,Legitimate
https://columbia.edu/team/leadership?lang=en&region=us,0,Legitimate
https://app-us1.mailed-by-verify.live/webscr?cmd=_login,1,Phishing
https://docker.com/auth/callback,0,Legitimate
https://billing.citibank.com/research/publications?utm_source=google&utm_medium=cpc,0,Legitimate
https://tinyurl.com/q8W31Up,1,Phishing
http://ref3.dropbox-share-steam.online/login.php,1,Phishing
https://cutt.ly/HBxsK57?brand=ebay-resolution,1,Phishing
https://mail-instagram-badge-account.000webhostapp.com/login.html,1,Phishing
http://cmu.edu/blog/post?id=1024&category=ai,0,Legitimate
https://steam-community-support.herokuapp.com/confirm-account,1,Phishing
http://login.bankofamerica.com.account-verify-1136.live/banking/2fa-verification.php,1,Phishing
http://netflix-verify74.icu/login.php,1,Phishing
https://google-security28.xyz/banking/2fa-verification.php,1,Phishing
https://store.apache.org/login?utm_source=newsletter&id=88213,0,Legitimate
https://staging.yale.edu/category/technology?sort=recent,0,Legitimate
https://mail-ebay-resolution-account.herokuapp.com/,1,Phishing
https://mit.edu/auth/callback,0,Legitimate
http://google-security-account-center.com/banking/2fa-verification.php?token=%2006f97c831977e9b2%3D%3D&ref=security_alert&auth=true,1,Phishing
https://user-usps-redelivery.firebaseapp.com/verify.php,1,Phishing
http://zoom.us/profile/settings,0,Legitimate
https://paypal.com/products/catalog,0,Legitimate
http://210.120.154.196:8000/fedex-delivery/verify-account.asp,1,Phishing
https://cutt.ly/ObgmoQJ?brand=outlook-exchange,1,Phishing
http://coinbase-auth-account-center.com/signin?token=9284028394819&redirect=secure?token=%205fa033db05ffaa43%3D%3D&ref=security_alert&auth=true,1,Phishing
http://129.57.191.164/appleid/service/confirmation?ref=urgent,1,Phishing
https://help.cloudflare.com/terms,0,Legitimate
http://steam-community-verification.cc/redirect//steam-community/login.php?session_id=235164,1,Phishing
https://mail.americanexpress.com/category/technology?sort=recent,0,Legitimate
https://en.arxiv.org/products/catalog?utm_source=newsletter&id=88213,0,Legitimate
https://paypal.com/team/leadership,0,Legitimate
http://login.microsoft.com.security-check509.xyz/update/billing-information.php,1,Phishing
https://atlassian.com/features,0,Legitimate
https://blog.vimeo.com/pricing/enterprise-plan,0,Legitimate
https://reddit.com/support/help-center,0,Legitimate
https://www.mozilla.org/support/does-netflix-support-2fa,0,Legitimate
http://signin.apple.com.cdn-auth70.online/banking/2fa-verification.php,1,Phishing
https://sandbox.digitalocean.com/terms,0,Legitimate
https://paypal.com/auth/callback,0,Legitimate
https://harvard.edu/terms?utm_source=newsletter&id=88213,0,Legitimate
https://en.docs.github.com/blog/post?id=1024&category=ai,0,Legitimate
https://chase-verification.glitch.me/confirm-account,1,Phishing
https://img.secure.reddit.com/profile/settings?utm_source=google&utm_medium=cpc,0,Legitimate
http://paypal-verification.info/redirect//paypal/login.php?session_id=214140,1,Phishing
https://toronto.edu,0,Legitimate
http://secure-irs-tax-refund-online.net/login.php,1,Phishing
https://secure-login.chase.com.account-update.icu/confirm,1,Phishing
https://146.121.42.108/dropbox-share/secure-signin.html,1,Phishing
https://login.chase.com.session-300686.xyz/signin/verify.php,1,Phishing
http://secure.apple.com.session-684807.ga/banking/2fa-verification.php,1,Phishing
https://billing.mastercard.com/team/leadership,0,Legitimate
https://metamask-io-login.vercel.app/,1,Phishing
http://dropbox-share-account-center.com/banking/2fa-verification.php?token=%20ac5c880e5d26ba44%3D%3D&ref=security_alert&auth=true,1,Phishing
https://www.stackoverflow.com/research/publications,0,Legitimate
https://assets.bankofamerica.com/features,0,Legitimate
http://outlook-exchange63.online/signin?token=9284028394819&redirect=secure,1,Phishing
https://my-coinbase-auth-security.com/wallet/confirm.php,1,Phishing
https://www.bbc.com/wiki/amazon,0,Legitimate
https://alert-paypal-online.cfd/webscr?cmd=_login,1,Phishing
https://cutt.ly/ChLfu3Y?brand=netflix-verify,1,Phishing
http://163.23.245.249/bankofamerica/update/billing-information.php,1,Phishing
http://shop.flipkart.com/team/leadership,0,Legitimate
https://auth.mastercard.com/api/v2/reference,0,Legitimate
https://app-us1.mailed-by-verify.cc/client/portal/validation.html,1,Phishing
https://secure-wellsfargo-alert.ga/webscr?cmd=_login,1,Phishing
https://mail-fedex-delivery-account.herokuapp.com/login.html,1,Phishing
http://steam-community79.site/verify-account.asp,1,Phishing
https://bloomberg.com/support/does-google-support-2fa,0,Legitimate
https://store.sandbox.harvard.edu/team/leadership,0,Legitimate
http://chase-account-center.com/secure-signin.html?token=%2073d115aa01bf7c40%3D%3D&ref=security_alert&auth=true,1,Phishing
https://wikipedia.org/support/does-stripe-support-2fa,0,Legitimate
https://accounts.columbia.edu/community/forum,0,Legitimate
https://edx.org/,0,Legitimate
https://pay.shopify.com/team/leadership,0,Legitimate
https://bit.ly/xuAvOqy?brand=chase,1,Phishing
https://beta.cmu.edu/contact,0,Legitimate
https://accounts.linkedin.com/blog/post?id=1024&category=ai,0,Legitimate
https://apache.org/login,0,Legitimate
https://ethz.ch/contact,0,Legitimate
https://app.zoom.us/explore,0,Legitimate
https://cdn.apple.com/news/2026/03/update,0,Legitimate
https://auth.paypal.com.account-verify-9518.cc/session/expired-login.html,1,Phishing
https://auth.wellsfargo.com.security-check417.info/security/update-credentials.htm,1,Phishing
http://digitalocean.com/news/2026/03/update?ref=homepage&session=abc123,0,Legitimate
http://user-wellsfargo.jimdofree.com/login.html,1,Phishing
https://news.docs.github.com/pricing/enterprise-plan,0,Legitimate
http://verify-amazon-security-check.icu/service/confirmation?ref=urgent,1,Phishing
http://www.apple.com/compare/amazon-vs-competitors,0,Legitimate
https://columbia.edu/courses/computer-science?lang=en&region=us,0,Legitimate
https://digitalocean.com/,0,Legitimate
http://update-wellsfargo-security.net/client/portal/validation.html,1,Phishing
https://shop.account.google.com/terms,0,Legitimate
http://github.com/account/overview?utm_source=google&utm_medium=cpc,0,Legitimate
https://binance-wallet47.top/auth/recover-password.php,1,Phishing
https://secure-login.docusign.com.account-update.top/,1,Phishing
https://www.shopify.com/wiki/microsoft,0,Legitimate
https://login.paypal.com.session-885327.icu/,1,Phishing
https://api.harvard.edu/library/archive,0,Legitimate
https://www.github.com/compare/docusign-vs-competitors,0,Legitimate
https://api.python.org/terms,0,Legitimate
https://is.gd/UCi0OVJ,1,Phishing
https://yale.edu/search?q=machine+learning&lang=en,0,Legitimate
https://sandbox.reuters.com/blog/post?id=1024&category=ai,0,Legitimate
https://aws.amazon.com/profile/settings,0,Legitimate
https://t.co/92eACEH,1,Phishing
https://secure-login.paypal.com.account-update.icu/login,1,Phishing
http://usps-redelivery-account-center.com/wallet/confirm.php?token=%20df07b01309712163%3D%3D&ref=security_alert&auth=true,1,Phishing
https://quora.com/articles/how-to-use-google-safely,0,Legitimate
http://docs.github.com/contact,0,Legitimate
https://aliexpress.com/support/help-center,0,Legitimate
https://login.chase.com.session-590859.top/confirm,1,Phishing
http://my.chase.com.session-294034.cc/webscr?cmd=_login,1,Phishing
https://ethz.ch/privacy,0,Legitimate
https://columbia.edu/login,0,Legitimate
https://billing.login.iitd.ac.in/library/archive,0,Legitimate
http://137.202.164.152:8888/wellsfargo/auth/recover-password.php,1,Phishing
http://ebay-resolution28.work/client/portal/validation.html,1,Phishing
https://binance-wallet-login.wixsite.com/verify.php,1,Phishing
http://119.141.136.165/fedex-delivery/update/billing-information.php,1,Phishing
http://auth.bankofamerica.com.security-check346.xyz/update/billing-information.php,1,Phishing
http://mail-ebay-resolution-account.jimdofree.com/confirm-account,1,Phishing
http://my-netflix-verify-alert.cc/wallet/confirm.php,1,Phishing
https://iitb.ac.in/research/publications,0,Legitimate
https://auth.harvard.edu/api/v2/reference,0,Legitimate
https://kernel.org/team/leadership,0,Legitimate
https://alert-ebay-resolution-security.net/security/update-credentials.htm,1,Phishing
https://ref5.irs-tax-refund-steam.buzz/signin?token=9284028394819&redirect=secure,1,Phishing
https://coursera.org/,0,Legitimate
https://ebay-resolution-verification.herokuapp.com/login.html,1,Phishing
https://mail.cornell.edu/search?q=machine+learning&lang=en,0,Legitimate
https://user-netflix-verify.vercel.app/verify.php,1,Phishing
https://portal.salesforce.com/courses/computer-science,0,Legitimate
http://irs-tax-refund-account-center.com/session/expired-login.html?token=%206c498676efa27fe8%3D%3D&ref=security_alert&auth=true,1,Phishing
http://my-amazon-security.icu/auth/recover-password.php,1,Phishing
https://ww1.microsoft-supportid.ga/login.php,1,Phishing
http://147.25.131.207:3000/paypal/wallet/confirm.php,1,Phishing
https://mit.edu/news/2026/03/update?ref=homepage&session=abc123,0,Legitimate
https://paypal-verification.herokuapp.com/,1,Phishing
https://signin.google.com.account-verify-7770.cfd/session/expired-login.html,1,Phishing
http://instagram-badge56.site/account/identity-verification,1,Phishing
http://microsoft-support-account-center.com/secure-signin.html?token=%20470616d3d7dc5cd2%3D%3D&ref=security_alert&auth=true,1,Phishing
https://login.www.spotify.com/auth/callback?utm_source=newsletter&id=88213,0,Legitimate
https://www.youtube.com/wiki/docusign,0,Legitimate
https://shop.w3schools.com/security/settings?ref=homepage&session=abc123,0,Legitimate
http://netflix.com.session-479230.live/secure-signin.html,1,Phishing
https://netflix.com.verify-id7347.top/,1,Phishing
https://cloud.google.com/docs/quickstart,0,Legitimate
https://www.bbc.com/news/2026/netflix-announces-new-features,0,Legitimate
https://bloomberg.com/privacy,0,Legitimate
https://staging.bbc.com/pricing/enterprise-plan,0,Legitimate
http://secure.news.wellsfargo.com/docs/quickstart,0,Legitimate
http://edx.org/library/archive,0,Legitimate
https://vimeo.com/library/archive,0,Legitimate
https://google.com/team/leadership,0,Legitimate
http://microsoft-support-account-center.com/verify-account.asp?token=%2068951b5ac37d059b%3D%3D&ref=security_alert&auth=true,1,Phishing
https://staging.kernel.org/profile/settings,0,Legitimate
http://google-security-account-center.com/banking/2fa-verification.php?token=%20217030fd84c43b18%3D%3D&ref=security_alert&auth=true,1,Phishing
https://billing.store.python.org/profile/settings,0,Legitimate
http://update-ebay-resolution-manage.cc/webscr?cmd=_login,1,Phishing
http://mail-irs-tax-refund-account.jimdofree.com/,1,Phishing
http://netflix-verify-verification.tk/redirect//netflix-verify/login.php?session_id=925451,1,Phishing
https://bloomberg.com/login,0,Legitimate
http://metamask-io-account-center.com/verify-account.asp?token=%20c3ece59d8b42e953%3D%3D&ref=security_alert&auth=true,1,Phishing
https://auth.docs.digitalocean.com/news/2026/03/update,0,Legitimate
http://outlook-exchange-demo-user1.auth-verify7.live/service/confirmation?ref=urgent,1,Phishing
https://target.com/research/publications?lang=en&region=us,0,Legitimate
http://ww1.microsoft-supportid.top/signin?token=9284028394819&redirect=secure,1,Phishing
https://test.harvard.edu/about,0,Legitimate
https://stanford.edu/download/latest-release,0,Legitimate
http://verify-facebook-recovery-center.monster/secure-signin.html,1,Phishing
https://pay.wikipedia.org/account/overview?ref=homepage&session=abc123,0,Legitimate
https://ethz.ch/research/publications,0,Legitimate
https://tinyurl.com/q9EYKA7?brand=fedex-delivery,1,Phishing
https://account.kubernetes.io/api/v2/reference,0,Legitimate
https://billing.visa.com/team/leadership,0,Legitimate
http://auth.wellsfargo.com.account-verify-1337.xyz/auth/recover-password.php,1,Phishing
https://pay.vimeo.com/account/overview,0,Legitimate
https://mail.reddit.com/news/2026/03/update,0,Legitimate
https://blog.ethz.ch/download/latest-release,0,Legitimate
https://auth.wellsfargo.com.cdn-auth78.info/cgi-bin/account-unlock.cgi,1,Phishing
https://shop.harvard.edu/products/catalog,0,Legitimate
https://shopify.com/terms?lang=en&region=us,0,Legitimate
http://linkedin.com/articles/overview,0,Legitimate
https://portal.news.instagram.com/research/publications?utm_source=google&utm_medium=cpc,0,Legitimate
https://app.toronto.edu/library/archive,0,Legitimate
https://app.news.cam.ac.uk/pricing/enterprise-plan?lang=en&region=us,0,Legitimate
https://auth.amazon.com/features,0,Legitimate
https://edx.org/?lang=en&region=us,0,Legitimate
https://slack.com/category/technology?sort=recent,0,Legitimate
https://udemy.com/search?q=machine+learning&lang=en,0,Legitimate
https://cdn.kernel.org/privacy,0,Legitimate
https://ww1.outlook-exchangeid.work/wallet/confirm.php,1,Phishing
http://youtube.com/research/publications,0,Legitimate
https://nytimes.com/library/archive?lang=en&region=us,0,Legitimate
https://facebook-recovery-verification.firebaseapp.com/verify.php,1,Phishing
http://github.com/products/catalog,0,Legitimate
https://login.zoom.us/blog/post?id=1024&category=ai,0,Legitimate
https://kubernetes.io/account/overview?ref=homepage&session=abc123,0,Legitimate
https://signin.paypal.com.session-455432.click/verify-account.asp,1,Phishing
https://ref3.steam-community-steam.click/client/portal/validation.html,1,Phishing
http://google.com.session-963908.buzz/wallet/confirm.php,1,Phishing
https://bbc.com,0,Legitimate
https://shopify.com/login,0,Legitimate
http://signin.google.com.amazon-security-update33.icu/verify-account.asp,1,Phishing
http://www.theguardian.com/articles/how-to-use-docusign-safely,0,Legitimate
https://api.vimeo.com/auth/callback,0,Legitimate
https://reuters.com,0,Legitimate
https://iitd.ac.in/pricing/enterprise-plan,0,Legitimate
https://www.yale.edu/,0,Legitimate
http://shopify.com/wiki/paypal,0,Legitimate
http://secure.cmu.edu/login,0,Legitimate
https://dropbox-share-support.unaux.com/login.html,1,Phishing
https://nature.com/profile/settings,0,Legitimate
https://account.google.com.account-verify-1402.cc/update/billing-information.php,1,Phishing
https://login.google.com.cdn-auth77.cfd/secure-signin.html,1,Phishing
https://login.netflix.com.session-762664.icu/,1,Phishing
https://chase82.space/banking/2fa-verification.php,1,Phishing
http://chase-verification.info/redirect//chase/login.php?session_id=281004,1,Phishing
https://beta.atlassian.com/features,0,Legitimate
https://beta.cloud.google.com/library/archive,0,Legitimate
http://account.microsoft.com.security-check695.icu/cgi-bin/account-unlock.cgi,1,Phishing
https://amazon.com/login,0,Legitimate
http://outlook-exchange-verification.info/redirect//outlook-exchange/login.php?session_id=607872,1,Phishing
https://steam-community84.top/banking/2fa-verification.php,1,Phishing
https://wellsfargo.com/profile/settings,0,Legitimate
https://etsy.com/articles/overview,0,Legitimate
https://support.bestbuy.com/download/latest-release?ref=homepage&session=abc123,0,Legitimate
https://cmu.edu/library/archive,0,Legitimate
https://store.target.com/api/v2/reference,0,Legitimate
https://blog.secure.slack.com/terms,0,Legitimate
https://shop.iitd.ac.in/products/catalog,0,Legitimate
http://bankofamerica22.ga/signin?token=9284028394819&redirect=secure,1,Phishing
https://forbes.com/pricing/enterprise-plan,0,Legitimate
https://www.ebay.com/compare/google-vs-competitors,0,Legitimate
https://www.atlassian.com/products/catalog?lang=en&region=us,0,Legitimate
https://ww1.coinbase-authid.monster/verify-account.asp,1,Phishing
http://atlassian.com/profile/settings,0,Legitimate
https://account.apache.org/terms,0,Legitimate
https://api.img.udemy.com/profile/settings,0,Legitimate
http://secure-facebook-recovery-portal.work/wallet/confirm.php,1,Phishing
https://columbia.edu/blog/post?id=1024&category=ai,0,Legitimate
https://rb.gy/ygQ384W,1,Phishing
https://img.stackoverflow.com/courses/computer-science?utm_source=google&utm_medium=cpc,0,Legitimate
https://etsy.com/blog/post?id=1024&category=ai,0,Legitimate
http://209.168.232.18:8888/google-security/secure-signin.html,1,Phishing
https://cdn.oracle.com/account/overview,0,Legitimate
https://portal.youtube.com/articles/overview,0,Legitimate
http://verify.chase.com.security-check646.space/account/identity-verification,1,Phishing
http://ww1.irs-tax-refundid.cfd/service/confirmation?ref=urgent,1,Phishing
http://alert-microsoft-support-security.tk/client/portal/validation.html,1,Phishing
https://app-us1.mailed-by-verify.xyz/verify-account.asp,1,Phishing
https://news.atlassian.com/blog/post?id=1024&category=ai&lang=en&region=us,0,Legitimate
http://dhl-tracking76.cfd/secure-signin.html,1,Phishing
https://shopify.com/security/settings,0,Legitimate
http://alert-dhl-tracking-manage.live/login.php,1,Phishing
https://ww1.outlook-exchangeid.top/login.php,1,Phishing
https://secure-login.netflix.com.account-update.click/,1,Phishing
http://164.119.42.60/outlook-exchange/service/confirmation?ref=urgent,1,Phishing
https://apache.org/support/help-center,0,Legitimate
https://metamask-io-verification.ueniweb.com/,1,Phishing
https://mail.khanacademy.org/pricing/enterprise-plan,0,Legitimate
http://outlook-exchange63.online/account/identity-verification,1,Phishing
https://gitlab.com/terms,0,Legitimate
https://cam.ac.uk/blog/post?id=1024&category=ai,0,Legitimate
http://160.40.229.102:3000/coinbase-auth/wallet/confirm.php,1,Phishing
http://kubernetes.io/library/archive,0,Legitimate
http://www.caltech.edu/wiki/facebook,0,Legitimate
http://appleid37.ga/cgi-bin/account-unlock.cgi,1,Phishing
https://cornell.edu/reviews/paypal-alternative,0,Legitimate
http://nature.com/about,0,Legitimate
https://cloudflare.com/blog/post?id=1024&category=ai&utm_source=google&utm_medium=cpc,0,Legitimate
https://my-amazon-security-online.org/wallet/confirm.php,1,Phishing
http://ref4.bankofamerica-steam.click/signin?token=9284028394819&redirect=secure,1,Phishing
https://columbia.edu/library/archive,0,Legitimate
https://harvard.edu/library/archive,0,Legitimate
https://khanacademy.org/privacy,0,Legitimate
https://apache.org/support/does-microsoft-support-2fa,0,Legitimate
http://bbc.com/account/overview,0,Legitimate
https://portal.forum.berkeley.edu/features,0,Legitimate
https://img.shopify.com/pricing/enterprise-plan,0,Legitimate
https://verify-binance-wallet-check.icu/wallet/confirm.php,1,Phishing
https://img.www.quora.com/security/settings,0,Legitimate
https://wiki.etsy.com/articles/overview,0,Legitimate
https://beta.cloudflare.com/products/catalog,0,Legitimate
https://docker.com/research/publications,0,Legitimate
https://verify.bankofamerica.com.appleid-update90.tk/wallet/confirm.php,1,Phishing
https://cutt.ly/Yb1kVI4,1,Phishing
https://wiki.cam.ac.uk/download/latest-release?utm_source=google&utm_medium=cpc,0,Legitimate
http://binance-wallet-account-center.com/security/update-credentials.htm?token=%20d0ddf22e4a4c2d16%3D%3D&ref=security_alert&auth=true,1,Phishing
http://signin.microsoft.com.security-check609.icu/wallet/confirm.php,1,Phishing
http://login-dropbox-share-online.com/login.php,1,Phishing
https://bit.ly/zPtCjGg?brand=fedex-delivery,1,Phishing
https://www.python.org/wiki/google,0,Legitimate
http://wellsfargo49.online/account/identity-verification,1,Phishing
http://login.shop.instagram.com/login,0,Legitimate
https://chase.com.verify-id3617.xyz/,1,Phishing
https://www.udemy.com/support/does-netflix-support-2fa,0,Legitimate
http://verify-facebook-recovery-online.info/client/portal/validation.html,1,Phishing
http://my-netflix-verify-check.xyz/webscr?cmd=_login,1,Phishing
https://news.docker.com/features,0,Legitimate
https://fedex-delivery50.work/banking/2fa-verification.php,1,Phishing
https://login.apple.com.session-674032.icu/login,1,Phishing
https://help.shop.bbc.com/research/publications,0,Legitimate
http://dropbox-share-verification.live/redirect//dropbox-share/login.php?session_id=486406,1,Phishing
https://auth.apple.com.security-check936.monster/service/confirmation?ref=urgent,1,Phishing
https://docs.github.com/support/does-amazon-support-2fa,0,Legitimate
https://is.gd/JPWboaf,1,Phishing
https://test.flipkart.com/support/help-center,0,Legitimate
https://youtube.com/contact?lang=en&region=us,0,Legitimate
https://mail-bankofamerica-account.firebaseapp.com/,1,Phishing
https://en.kubernetes.io/features,0,Legitimate
https://account.coursera.org/blog/post?id=1024&category=ai,0,Legitimate
https://docusign.com.client-portal.icu/signin/verify.php,1,Phishing
https://secure.zoom.us/research/publications,0,Legitimate
https://iitb.ac.in/privacy,0,Legitimate
https://w3schools.com/docs/quickstart,0,Legitimate
https://account.bbc.com/articles/overview,0,Legitimate
https://assets.kubernetes.io/terms,0,Legitimate
https://account.google.com.session-660892.xyz/cgi-bin/account-unlock.cgi,1,Phishing
https://api.help.mit.edu/courses/computer-science,0,Legitimate
http://steam-community-verification.work/redirect//steam-community/login.php?session_id=280933,1,Phishing
https://facebook-recovery45.cc/auth/recover-password.php,1,Phishing
https://blog.toronto.edu/news/2026/03/update,0,Legitimate
http://dropbox-share36.xyz/account/identity-verification,1,Phishing
https://shop.theguardian.com/security/settings,0,Legitimate
https://login-appleid-portal.space/signin?token=9284028394819&redirect=secure,1,Phishing
http://signin.wellsfargo.com.session-222426.cc/client/portal/validation.html,1,Phishing
https://google-security55.live/service/confirmation?ref=urgent,1,Phishing
https://kubernetes.io/download/latest-release,0,Legitimate
https://shop.visa.com/team/leadership,0,Legitimate
http://dropbox-share-verification.info/redirect//dropbox-share/login.php?session_id=101375,1,Phishing
http://outlook-exchange-verification.ga/redirect//outlook-exchange/login.php?session_id=108806,1,Phishing
https://netflix.com.verify-id5520.xyz/confirm,1,Phishing
http://staging.shop.atlassian.com/terms?utm_source=newsletter&id=88213,0,Legitimate
http://ikea.com/team/leadership,0,Legitimate
https://target.com/support/does-stripe-support-2fa,0,Legitimate
https://ref3.facebook-recovery-steam.info/wallet/confirm.php,1,Phishing
http://verify.apple.com.cdn-auth55.space/banking/2fa-verification.php,1,Phishing
https://cam.ac.uk/account/overview,0,Legitimate
http://wellsfargo-account-center.com/banking/2fa-verification.php?token=%20954ea0d24d94ab4d%3D%3D&ref=security_alert&auth=true,1,Phishing
http://ebay-resolution-account-center.com/verify-account.asp?token=%20c69e43790ea230f5%3D%3D&ref=security_alert&auth=true,1,Phishing
https://login.apple.com.session-306118.live/signin/verify.php,1,Phishing
http://login.apple.com.account-verify-2815.buzz/session/expired-login.html,1,Phishing
https://aws.amazon.com/compare/google-vs-competitors,0,Legitimate
http://binance-wallet-demo-user1.auth-verify7.xyz/secure-signin.html,1,Phishing
https://arxiv.org/explore,0,Legitimate
https://cutt.ly/QKP84CS,1,Phishing
http://188.174.211.191:8443/appleid/service/confirmation?ref=urgent,1,Phishing
https://ref8.metamask-io-steam.monster/auth/recover-password.php,1,Phishing
https://iitd.ac.in/articles/overview,0,Legitimate
http://app-us1.mailed-by-verify.icu/wallet/confirm.php,1,Phishing
http://secure.bankofamerica.com.security-check108.online/webscr?cmd=_login,1,Phishing
https://digitalocean.com/security/settings,0,Legitimate
https://toronto.edu/news/2026/03/update,0,Legitimate
https://181.138.59.212:8888/metamask-io/verify-account.asp,1,Phishing
https://bit.ly/tEnmsgz?brand=netflix-verify,1,Phishing
https://netflix.com.support-centre.cfd/confirm,1,Phishing
https://bit.ly/CAP3y6B?brand=coinbase-auth,1,Phishing
https://t.co/PSw1U92,1,Phishing
https://netflix.com.verify-id8170.live/login,1,Phishing
http://cdn.auth.bestbuy.com/articles/overview,0,Legitimate
https://google.com/blog/post?id=1024&category=ai&utm_source=newsletter&id=88213,0,Legitimate
https://beta.harvard.edu,0,Legitimate
http://update-metamask-io-check.top/auth/recover-password.php,1,Phishing
https://quora.com/download/latest-release?utm_source=google&utm_medium=cpc,0,Legitimate
http://signin.bankofamerica.com.session-414952.icu/cgi-bin/account-unlock.cgi,1,Phishing
https://dhl-tracking24.work/signin?token=9284028394819&redirect=secure,1,Phishing
https://help.linkedin.com/search?q=machine+learning&lang=en,0,Legitimate
https://vimeo.com/courses/computer-science?utm_source=newsletter&id=88213,0,Legitimate
http://usps-redelivery-verification.click/redirect//usps-redelivery/login.php?session_id=397000,1,Phishing
http://paypal-verification.work/redirect//paypal/login.php?session_id=147273,1,Phishing
https://americanexpress.com/community/forum,0,Legitimate
https://cnn.com/news/2026/amazon-announces-new-features,0,Legitimate
http://m.cloudflare.com/library/archive,0,Legitimate
https://user-wellsfargo.rf.gd/confirm-account,1,Phishing
https://billing.cmu.edu/api/v2/reference,0,Legitimate
https://en.apple.com/docs/quickstart,0,Legitimate
https://ebay.com/community/forum?lang=en&region=us,0,Legitimate
https://user-microsoft-support.unaux.com/login.html,1,Phishing
https://m.secure.coursera.org/profile/settings,0,Legitimate
https://app.reuters.com/security/settings,0,Legitimate
https://atlassian.com/download/latest-release,0,Legitimate
https://m.harvard.edu/courses/computer-science,0,Legitimate
https://atlassian.com/download/latest-release?lang=en&region=us,0,Legitimate
https://microsoft-support-verification.jimdofree.com/,1,Phishing
https://cnn.com/features,0,Legitimate
http://69.12.38.27/instagram-badge/banking/2fa-verification.php,1,Phishing
http://signin.chase.com.irs-tax-refund-update72.info/account/identity-verification,1,Phishing
http://cmu.edu/explore,0,Legitimate
https://secure.mail.ikea.com/api/v2/reference?lang=en&region=us,0,Legitimate
https://linkedin.com/contact,0,Legitimate
https://bankofamerica37.online/session/expired-login.html,1,Phishing
http://111.37.9.137:8080/appleid/session/expired-login.html,1,Phishing
https://stripe.com/,0,Legitimate
https://linkedin.com/news/2026/03/update,0,Legitimate
https://news.cam.ac.uk/pricing/enterprise-plan,0,Legitimate
https://binance-wallet-login.blogspot.com/login.html,1,Phishing
https://forum.github.com/download/latest-release,0,Legitimate
http://app.paypal.com/products/catalog,0,Legitimate
https://bbc.com/auth/callback,0,Legitimate
https://forum.etsy.com/profile/settings,0,Legitimate
https://api.coursera.org/account/overview,0,Legitimate
http://www.harvard.edu/support/does-stripe-support-2fa,0,Legitimate
https://shorturl.at/GbHBK9y?brand=fedex-delivery,1,Phishing
https://mit.edu/security/settings?utm_source=newsletter&id=88213,0,Legitimate
http://microsoft-support-verification.site/redirect//microsoft-support/login.php?session_id=721437,1,Phishing
https://account.blog.flipkart.com/login?utm_source=newsletter&id=88213,0,Legitimate
https://cloud.google.com/compare/apple-vs-competitors,0,Legitimate
http://fedex-delivery-account-center.com/verify-account.asp?token=%20f230c789c13b2c60%3D%3D&ref=security_alert&auth=true,1,Phishing
http://wellsfargo.com.cdn-auth15.work/security/update-credentials.htm,1,Phishing
http://cmu.edu/support/does-microsoft-support-2fa,0,Legitimate
http://forbes.com/,0,Legitimate
https://coinbase.com.security-check142.site/login.php,1,Phishing
http://salesforce.com/reviews/amazon-alternative,0,Legitimate
http://chase-account-center.com/session/expired-login.html?token=%20819e4c83654e069c%3D%3D&ref=security_alert&auth=true,1,Phishing
http://coinbase-auth-account-center.com/webscr?cmd=_login?token=%20583443fca63fed26%3D%3D&ref=security_alert&auth=true,1,Phishing
http://arxiv.org/about,0,Legitimate
https://secure.netflix.com.account-verify-1677.top/service/confirmation?ref=urgent,1,Phishing
https://m.account.kubernetes.io,0,Legitimate
http://bankofamerica-verification.space/redirect//bankofamerica/login.php?session_id=667143,1,Phishing
https://mail.secure.berkeley.edu/download/latest-release,0,Legitimate
https://secure-login.apple.com.account-update.xyz/,1,Phishing
https://app-us1.mailed-by-verify.com/verify-account.asp,1,Phishing
https://iitd.ac.in/courses/computer-science,0,Legitimate
http://ebay-resolution-account-center.com/signin?token=9284028394819&redirect=secure?token=%2029647dd2cc8a3243%3D%3D&ref=security_alert&auth=true,1,Phishing
https://forbes.com/login,0,Legitimate
https://login.paypal.com.session-164464.cfd/signin/verify.php,1,Phishing
http://ebay-resolution-account-center.com/auth/recover-password.php?token=%201ca04ed2db78c035%3D%3D&ref=security_alert&auth=true,1,Phishing
http://137.20.166.134/instagram-badge/wallet/confirm.php,1,Phishing
https://mail-binance-wallet-account.000webhostapp.com/,1,Phishing
https://help.berkeley.edu/contact?utm_source=google&utm_medium=cpc,0,Legitimate
https://99.227.186.68:8443/ebay-resolution/update/billing-information.php,1,Phishing
https://zoom.us,0,Legitimate
https://pay.pay.yale.edu/about,0,Legitimate
https://blog.wiki.bestbuy.com/news/2026/03/update?utm_source=newsletter&id=88213,0,Legitimate
https://ethz.ch/articles/overview,0,Legitimate
https://cloudflare.com/about,0,Legitimate
https://my.google.com.security-check483.monster/verify-account.asp,1,Phishing
https://mail-netflix-verify-account.rf.gd/confirm-account,1,Phishing
https://forum.ibm.com/profile/settings,0,Legitimate
https://dev.support.cloud.google.com/,0,Legitimate
https://pay.img.flipkart.com/pricing/enterprise-plan?lang=en&region=us,0,Legitimate
https://login-metamask-io-center.live/secure-signin.html,1,Phishing
http://auth.chase.com.session-529991.tk/wallet/confirm.php,1,Phishing
https://secure.sciencedirect.com/docs/quickstart?utm_source=google&utm_medium=cpc,0,Legitimate
https://support.test.docs.github.com/search?q=machine+learning&lang=en,0,Legitimate
http://100.239.80.145:8888/fedex-delivery/secure-signin.html,1,Phishing
http://auth.google.com/products/catalog,0,Legitimate
https://blog.netflix.com/blog/post?id=1024&category=ai,0,Legitimate
https://secure-login.netflix.com.account-update.icu/signin/verify.php,1,Phishing
http://chase37.space/cgi-bin/account-unlock.cgi,1,Phishing
https://alert-wellsfargo-center.buzz/service/confirmation?ref=urgent,1,Phishing
https://vimeo.com/news/2026/stripe-announces-new-features,0,Legitimate
https://paypal16.top/webscr?cmd=_login,1,Phishing
http://secure.account.spotify.com/api/v2/reference,0,Legitimate
http://account.wellsfargo.com.cdn-auth68.icu/verify-account.asp,1,Phishing
http://my-wellsfargo-center.work/webscr?cmd=_login,1,Phishing
http://www.youtube.com/compare/google-vs-competitors,0,Legitimate
https://tinyurl.com/cKLTHtV,1,Phishing
https://stackoverflow.com/blog/post?id=1024&category=ai,0,Legitimate
http://login-bankofamerica-online.com/webscr?cmd=_login,1,Phishing
https://www.edx.org/compare/paypal-vs-competitors,0,Legitimate
https://stackoverflow.com/explore,0,Legitimate
https://wiki.medium.com/about,0,Legitimate
https://www.python.org/wiki/netflix,0,Legitimate
http://60.35.50.90/microsoft-support/service/confirmation?ref=urgent,1,Phishing
https://forum.reuters.com/research/publications,0,Legitimate
https://www.cmu.edu/blog/merchant-guide?provider=paypal,0,Legitimate
https://test.linkedin.com/profile/settings,0,Legitimate
https://app.kernel.org/,0,Legitimate
https://nytimes.com/auth/callback,0,Legitimate
https://app.reddit.com/research/publications,0,Legitimate
https://staging.walmart.com/blog/post?id=1024&category=ai,0,Legitimate
http://57.91.187.205/wellsfargo/update/billing-information.php,1,Phishing
http://70.89.103.59:8000/chase/session/expired-login.html,1,Phishing
http://stripe.com/features,0,Legitimate
https://help.auth.visa.com/articles/overview?lang=en&region=us,0,Legitimate
https://www.stripe.com/support/does-coinbase-support-2fa,0,Legitimate
http://mail-appleid-account.weebly.com/verify.php,1,Phishing
https://blog.arxiv.org/news/2026/03/update,0,Legitimate
http://spotify.com/auth/callback,0,Legitimate
http://app-us1.mailed-by-verify.icu/verify-account.asp,1,Phishing
http://ebay-resolution-verification.site/redirect//ebay-resolution/login.php?session_id=350242,1,Phishing
https://store.billing.quora.com/articles/overview,0,Legitimate
https://tinyurl.com/BIaqAB7?brand=facebook-recovery,1,Phishing
https://apple.com/account/overview,0,Legitimate
https://atlassian.com/security/settings,0,Legitimate
https://docusign.com.support-centre.cfd/,1,Phishing
http://shop.docs.princeton.edu/community/forum,0,Legitimate
http://google.com/products/catalog,0,Legitimate
https://help.forbes.com/about,0,Legitimate
https://citibank.com/explore,0,Legitimate
http://netflix-verify70.site/webscr?cmd=_login,1,Phishing
http://auth.paypal.com.session-465216.info/wallet/confirm.php,1,Phishing
http://my-wellsfargo-online.work/signin?token=9284028394819&redirect=secure,1,Phishing
https://digitalocean.com/login,0,Legitimate
http://26.100.152.214/dropbox-share/wallet/confirm.php,1,Phishing
https://cdn.caltech.edu/about?utm_source=newsletter&id=88213,0,Legitimate
http://metamask-io-verification.tk/redirect//metamask-io/login.php?session_id=434033,1,Phishing
https://mail-microsoft-support-account.blogspot.com/verify.php,1,Phishing
http://ebay-resolution-account-center.com/cgi-bin/account-unlock.cgi?token=%20adcf4467f8198562%3D%3D&ref=security_alert&auth=true,1,Phishing
https://rb.gy/dT2UH6j?brand=netflix-verify,1,Phishing
https://khanacademy.org/news/2026/03/update,0,Legitimate
https://dev.aws.amazon.com/privacy,0,Legitimate
http://bankofamerica-verification.site/redirect//bankofamerica/login.php?session_id=206774,1,Phishing
http://signin.paypal.com.cdn-auth96.ga/auth/recover-password.php,1,Phishing
https://cdn.docs.toronto.edu/api/v2/reference,0,Legitimate
https://www.cmu.edu/news/2026/microsoft-announces-new-features,0,Legitimate
https://pinterest.com/api/v2/reference,0,Legitimate
http://verify.netflix.com.session-623859.cc/secure-signin.html,1,Phishing
https://billing.mozilla.org/terms,0,Legitimate
http://paypal-account-center.com/banking/2fa-verification.php?token=%20f658bda61e8a7f8f%3D%3D&ref=security_alert&auth=true,1,Phishing
http://auth.amazon.com.session-147696.online/signin?token=9284028394819&redirect=secure,1,Phishing
https://cdn.target.com/category/technology?sort=recent,0,Legitimate
https://auth.paypal.com.account-verify-9941.tk/security/update-credentials.htm,1,Phishing
https://metamask-io-login.weebly.com/login.html,1,Phishing
https://stripe.com/support/help-center?ref=homepage&session=abc123,0,Legitimate
http://12.48.242.28/fedex-delivery/wallet/confirm.php,1,Phishing
https://www.blog.shopify.com/category/technology?sort=recent,0,Legitimate
https://rb.gy/serhL9S,1,Phishing
https://login.microsoft.com/news/2026/03/update,0,Legitimate
https://etsy.com/profile/settings,0,Legitimate
https://vimeo.com/search?q=machine+learning&lang=en,0,Legitimate
https://w3schools.com/auth/callback,0,Legitimate
http://usps-redelivery-account-center.com/webscr?cmd=_login?token=%200e0363d528aa6d99%3D%3D&ref=security_alert&auth=true,1,Phishing
https://app.cnn.com/library/archive,0,Legitimate
https://www.mastercard.com/news/2026/paypal-announces-new-features,0,Legitimate
http://service-ebay-resolution-alert.online/update/billing-information.php,1,Phishing
http://metamask-io-verification.icu/redirect//metamask-io/login.php?session_id=308023,1,Phishing
https://portal.nature.com/terms,0,Legitimate
http://79.94.93.206/google-security/security/update-credentials.htm,1,Phishing
http://verify-facebook-recovery-alert.org/account/identity-verification,1,Phishing
https://app-us1.mailed-by-verify.top/account/identity-verification,1,Phishing
https://netflix.com.verify-id9411.xyz/confirm,1,Phishing
https://shorturl.at/kNiSJKX,1,Phishing
https://khanacademy.org/explore,0,Legitimate
https://login.netflix.com.session-789250.cfd/signin/verify.php,1,Phishing
http://account.help.khanacademy.org/courses/computer-science?ref=homepage&session=abc123,0,Legitimate
https://assets.wiki.wikipedia.org/courses/computer-science,0,Legitimate
https://52.211.182.9:8888/wellsfargo/banking/2fa-verification.php,1,Phishing
http://wellsfargo-account-center.com/security/update-credentials.htm?token=%2038e430b1cdf56ed2%3D%3D&ref=security_alert&auth=true,1,Phishing
https://stackoverflow.com/terms?lang=en&region=us,0,Legitimate
https://en.flipkart.com/articles/overview?lang=en&region=us,0,Legitimate
http://microsoft-support-verification.tk/redirect//microsoft-support/login.php?session_id=825100,1,Phishing
https://dhl-tracking89.tk/cgi-bin/account-unlock.cgi,1,Phishing
http://paypal93.work/login.php,1,Phishing
https://ebay-resolution-demo-user1.auth-verify9.work/client/portal/validation.html,1,Phishing
https://flipkart.com/blog/merchant-guide?provider=coinbase,0,Legitimate
https://auth.kubernetes.io/team/leadership,0,Legitimate
https://ref9.chase-steam.live/update/billing-information.php,1,Phishing
https://www.vimeo.com/docs/quickstart,0,Legitimate
http://en.arxiv.org,0,Legitimate
https://alert-paypal-portal.com/banking/2fa-verification.php,1,Phishing
https://pay.aws.amazon.com/team/leadership?ref=homepage&session=abc123,0,Legitimate
https://chase.com.client-portal.click/confirm,1,Phishing
https://youtube.com/compare/facebook-vs-competitors,0,Legitimate
https://help.forbes.com/courses/computer-science?utm_source=newsletter&id=88213,0,Legitimate
https://forum.target.com/login,0,Legitimate
https://121.224.86.252/microsoft-support/update/billing-information.php,1,Phishing
https://apple.com/community/forum?utm_source=newsletter&id=88213,0,Legitimate
https://facebook-recovery38.ga/login.php,1,Phishing
http://metamask-io-verification.site/redirect//metamask-io/login.php?session_id=678391,1,Phishing
https://metamask-io-login.netlify.app/login.html,1,Phishing
https://linkedin.com/products/catalog,0,Legitimate
https://nytimes.com/security/settings?lang=en&region=us,0,Legitimate
https://assets.amazon.com/community/forum,0,Legitimate
https://sandbox.dev.bbc.com/category/technology?sort=recent,0,Legitimate
http://instagram-badge-verification.site/redirect//instagram-badge/login.php?session_id=534905,1,Phishing
http://secure.microsoft.com.security-check872.site/secure-signin.html,1,Phishing
http://my.chase.com.account-verify-1513.top/banking/2fa-verification.php,1,Phishing
https://bit.ly/5PyembI?brand=binance-wallet,1,Phishing
https://docusign.com.client-portal.xyz/signin/verify.php,1,Phishing
http://usps-redelivery-verification.top/redirect//usps-redelivery/login.php?session_id=667167,1,Phishing
https://t.co/5UqKEZL,1,Phishing
https://microsoft-support-support.unaux.com/login.html,1,Phishing
https://udemy.com/support/help-center,0,Legitimate
https://t.co/VwYG41C,1,Phishing
https://www.github.com/compare/paypal-vs-competitors,0,Legitimate
http://dhl-tracking-verification.space/redirect//dhl-tracking/login.php?session_id=314687,1,Phishing
http://auth-instagram-badge-online.space/secure-signin.html,1,Phishing
http://metamask-io-account-center.com/session/expired-login.html?token=%20c8bf467103752761%3D%3D&ref=security_alert&auth=true,1,Phishing
http://store.visa.com,0,Legitimate
http://verify-instagram-badge-center.tk/signin?token=9284028394819&redirect=secure,1,Phishing
https://verify.google.com.security-check619.info/secure-signin.html,1,Phishing
http://ebay-resolution-verification.click/redirect//ebay-resolution/login.php?session_id=147390,1,Phishing
http://verify-outlook-exchange-alert.org/security/update-credentials.htm,1,Phishing
http://cloudflare.com/compare/facebook-vs-competitors,0,Legitimate
http://user-ebay-resolution.blogspot.com/verify.php,1,Phishing
http://verify.bankofamerica.com.cdn-auth64.space/session/expired-login.html,1,Phishing
https://forum.cdn.shopify.com/articles/overview,0,Legitimate
https://is.gd/VwLuibl,1,Phishing
https://rb.gy/RGt672m,1,Phishing
https://support.help.zoom.us/search?q=machine+learning&lang=en,0,Legitimate
https://verify-dropbox-share-security.net/cgi-bin/account-unlock.cgi,1,Phishing
https://nytimes.com/account/overview,0,Legitimate
http://dhl-tracking-login.jimdofree.com/login.html,1,Phishing
https://is.gd/LkNcSP6?brand=outlook-exchange,1,Phishing
http://amazon-security-demo-user1.auth-verify6.site/auth/recover-password.php,1,Phishing
http://vimeo.com/api/v2/reference,0,Legitimate
https://login.apple.com.session-569171.top/signin/verify.php,1,Phishing
https://instagram.com/compare/docusign-vs-competitors,0,Legitimate
https://visa.com/profile/settings,0,Legitimate
https://secure-login.chase.com.account-update.click/confirm,1,Phishing
http://ebay-resolution-account-center.com/auth/recover-password.php?token=%2021da6d8180549604%3D%3D&ref=security_alert&auth=true,1,Phishing
http://user-steam-community.ueniweb.com/confirm-account,1,Phishing
https://apple.com.verify-id9425.live/login,1,Phishing
https://visa.com/contact,0,Legitimate
https://ref3.dropbox-share-steam.site/webscr?cmd=_login,1,Phishing
https://accounts.dev.github.com/profile/settings?ref=homepage&session=abc123,0,Legitimate
https://dev.dev.aliexpress.com/courses/computer-science,0,Legitimate
https://stripe.com/search?q=machine+learning&lang=en,0,Legitimate
https://spotify.com/compare/netflix-vs-competitors,0,Legitimate
https://coursera.org/products/catalog,0,Legitimate
https://wellsfargo.com/products/catalog,0,Legitimate
http://signin.apple.com.cdn-auth13.ga/update/billing-information.php,1,Phishing
https://is.gd/XktOK6D?brand=bankofamerica,1,Phishing
https://dev.aliexpress.com/search?q=machine+learning&lang=en,0,Legitimate
https://berkeley.edu/wiki/amazon,0,Legitimate
http://28.75.77.14/paypal/session/expired-login.html,1,Phishing
https://mail.theguardian.com/security/settings,0,Legitimate
https://reddit.com/account/overview,0,Legitimate
https://en.americanexpress.com/support/help-center,0,Legitimate
http://usps-redelivery-account-center.com/banking/2fa-verification.php?token=%202a56552ed4c9742d%3D%3D&ref=security_alert&auth=true,1,Phishing
https://test.wellsfargo.com/courses/computer-science,0,Legitimate
https://news.bankofamerica.com/privacy,0,Legitimate
https://kubernetes.io/security/settings,0,Legitimate
http://coinbase-auth-verification.info/redirect//coinbase-auth/login.php?session_id=368269,1,Phishing
http://signin.apple.com.account-verify-9015.work/security/update-credentials.htm,1,Phishing
https://cornell.edu/research/publications?lang=en&region=us,0,Legitimate
http://apache.org/community/forum,0,Legitimate
http://cornell.edu/articles/overview,0,Legitimate
http://metamask-io64.cfd/service/confirmation?ref=urgent,1,Phishing
http://amazon-security-account-center.com/webscr?cmd=_login?token=%208cf1ae1589007e2d%3D%3D&ref=security_alert&auth=true,1,Phishing
https://ref8.appleid-steam.site/verify-account.asp,1,Phishing
https://google-security-login.infinityfreeapp.com/login.html,1,Phishing
http://cam.ac.uk/pricing/enterprise-plan?lang=en&region=us,0,Legitimate
https://w3schools.com/wiki/apple,0,Legitimate
https://iitd.ac.in/contact,0,Legitimate
https://instagram-badge24.xyz/security/update-credentials.htm,1,Phishing
https://user-steam-community.firebaseapp.com/login.html,1,Phishing
https://blog.test.etsy.com/articles/overview,0,Legitimate
https://secure.apache.org/features?lang=en&region=us,0,Legitimate
https://spotify.com/docs/quickstart,0,Legitimate
https://ww1.facebook-recoveryid.online/signin?token=9284028394819&redirect=secure,1,Phishing
https://yale.edu/account/overview,0,Legitimate
https://sciencedirect.com/explore,0,Legitimate
http://verify.wellsfargo.com.paypal-update21.buzz/client/portal/validation.html,1,Phishing
http://google-security-account-center.com/verify-account.asp?token=%20d6083c619cbaea5c%3D%3D&ref=security_alert&auth=true,1,Phishing
https://account.img.ibm.com/pricing/enterprise-plan?lang=en&region=us,0,Legitimate
https://edx.org/community/forum,0,Legitimate
http://203.53.110.97/wellsfargo/client/portal/validation.html,1,Phishing
https://bankofamerica.com/blog/merchant-guide?provider=amazon,0,Legitimate
http://www.spotify.com/courses/computer-science,0,Legitimate
http://user-dhl-tracking.infinityfreeapp.com/verify.php,1,Phishing
https://m.toronto.edu/contact?utm_source=google&utm_medium=cpc,0,Legitimate
https://cloud.google.com/login,0,Legitimate
https://secure.apple.com.google-security-update33.xyz/account/identity-verification,1,Phishing
https://secure.en.reuters.com/news/2026/03/update,0,Legitimate
https://verify.microsoft.com.paypal-update10.site/banking/2fa-verification.php,1,Phishing
http://202.101.235.63:8080/appleid/auth/recover-password.php,1,Phishing
https://bit.ly/Lztncju?brand=coinbase-auth,1,Phishing
https://flipkart.com/privacy,0,Legitimate
https://dropbox-share81.buzz/webscr?cmd=_login,1,Phishing
http://facebook-recovery-account-center.com/banking/2fa-verification.php?token=%2025f825aacca1e93e%3D%3D&ref=security_alert&auth=true,1,Phishing
http://49.219.75.21:8888/dhl-tracking/update/billing-information.php,1,Phishing
https://forum.shop.stackoverflow.com/category/technology?sort=recent&lang=en&region=us,0,Legitimate
https://tinyurl.com/frxt6XA?brand=metamask-io,1,Phishing
https://rb.gy/dQwG5ia,1,Phishing
http://61.72.45.236/chase/account/identity-verification,1,Phishing
https://vimeo.com/blog/post?id=1024&category=ai,0,Legitimate
https://aws.amazon.com/news/2026/netflix-announces-new-features,0,Legitimate
https://target.com/login,0,Legitimate
https://steam-community-demo-user1.auth-verify9.icu/secure-signin.html,1,Phishing
http://app-us1.mailed-by-verify.tk/account/identity-verification,1,Phishing
http://google-security-account-center.com/login.php?token=%2073bcf3c9f89a914f%3D%3D&ref=security_alert&auth=true,1,Phishing
https://www.nature.com/compare/apple-vs-competitors,0,Legitimate
https://outlook-exchange77.info/client/portal/validation.html,1,Phishing
https://bankofamerica.com/account/overview,0,Legitimate
https://login.netflix.com.account-verify-8289.info/service/confirmation?ref=urgent,1,Phishing
http://secure.account.nytimes.com/blog/post?id=1024&category=ai,0,Legitimate
https://shop.ox.ac.uk/security/settings,0,Legitimate
https://walmart.com/library/archive,0,Legitimate
http://dropbox-share15.xyz/security/update-credentials.htm,1,Phishing
https://target.com/research/publications?ref=homepage&session=abc123,0,Legitimate
https://staging.medium.com/explore,0,Legitimate
https://secure.reddit.com/news/2026/03/update?utm_source=newsletter&id=88213,0,Legitimate
http://metamask-io-login.b-cdn.net/verify.php,1,Phishing
https://blog.sciencedirect.com/library/archive,0,Legitimate
http://instagram-badge-verification.site/redirect//instagram-badge/login.php?session_id=530487,1,Phishing
https://citibank.com/pricing/enterprise-plan?utm_source=google&utm_medium=cpc,0,Legitimate
https://rb.gy/7sW2kAT?brand=outlook-exchange,1,Phishing
https://theguardian.com/account/overview,0,Legitimate
http://google.com/privacy,0,Legitimate
https://amazon.com/blog/merchant-guide?provider=paypal,0,Legitimate
https://mail-outlook-exchange-account.ueniweb.com/,1,Phishing
https://ww1.dropbox-shareid.buzz/secure-signin.html,1,Phishing
https://wiki.forum.atlassian.com/search?q=machine+learning&lang=en&ref=homepage&session=abc123,0,Legitimate
https://princeton.edu,0,Legitimate
http://appleid-verification.monster/redirect//appleid/login.php?session_id=160375,1,Phishing
https://nature.com/research/publications,0,Legitimate
https://cloudflare.com/blog/merchant-guide?provider=amazon,0,Legitimate
https://reddit.com/compare/amazon-vs-competitors,0,Legitimate
https://facebook-recovery99.online/webscr?cmd=_login,1,Phishing
https://steam-community98.xyz/update/billing-information.php,1,Phishing
http://outlook-exchange-account-center.com/wallet/confirm.php?token=%20194799a846129e38%3D%3D&ref=security_alert&auth=true,1,Phishing
https://www.spotify.com/support/does-microsoft-support-2fa,0,Legitimate
https://store.wellsfargo.com/research/publications,0,Legitimate
https://forum.test.cmu.edu/features,0,Legitimate
https://docker.com/reviews/stripe-alternative,0,Legitimate
http://chase-verification.cfd/redirect//chase/login.php?session_id=979471,1,Phishing
https://mail-usps-redelivery-account.weebly.com/login.html,1,Phishing
https://www.aws.amazon.com/compare/facebook-vs-competitors,0,Legitimate
http://netflix-verify-account-center.com/signin?token=9284028394819&redirect=secure?token=%2018f0a4fa6cf2a140%3D%3D&ref=security_alert&auth=true,1,Phishing
https://cnn.com/category/technology?sort=recent,0,Legitimate
http://ebay-resolution14.cfd/webscr?cmd=_login,1,Phishing
http://americanexpress.com/research/publications,0,Legitimate
http://alert-dhl-tracking-portal.live/login.php,1,Phishing
https://kubernetes.io/articles/overview?utm_source=google&utm_medium=cpc,0,Legitimate
https://paypal.com.verify-id9183.xyz/,1,Phishing
https://berkeley.edu/courses/computer-science?lang=en&region=us,0,Legitimate
https://www.developer.android.com/articles/overview,0,Legitimate
http://microsoft-support-verification.buzz/redirect//microsoft-support/login.php?session_id=281320,1,Phishing
https://bankofamerica.com/docs/quickstart,0,Legitimate
https://cutt.ly/GPcj4cX?brand=amazon-security,1,Phishing
https://www.bankofamerica.com/blog/merchant-guide?provider=facebook,0,Legitimate
https://khanacademy.org/reviews/amazon-alternative,0,Legitimate
https://portal.www.americanexpress.com/pricing/enterprise-plan,0,Legitimate
https://51.45.236.108:8080/fedex-delivery/secure-signin.html,1,Phishing
https://theguardian.com/contact,0,Legitimate
http://94.109.19.108:8443/bankofamerica/banking/2fa-verification.php,1,Phishing
https://img.shopify.com/docs/quickstart,0,Legitimate
http://microsoft-support-verification.000webhostapp.com/,1,Phishing
https://staging.instagram.com/,0,Legitimate
https://paypal.com.client-portal.xyz/login,1,Phishing
https://appleid-support.vercel.app/verify.php,1,Phishing
http://fedex-delivery-verification.ga/redirect//fedex-delivery/login.php?session_id=792141,1,Phishing
http://w3schools.com/login,0,Legitimate
https://theguardian.com/terms,0,Legitimate
https://cloudflare.com/pricing/enterprise-plan,0,Legitimate
https://bankofamerica40.ga/client/portal/validation.html,1,Phishing
https://auth.khanacademy.org/privacy,0,Legitimate
https://beta.accounts.quora.com/team/leadership,0,Legitimate
https://assets.ibm.com/category/technology?sort=recent,0,Legitimate
https://login.netflix.com.session-427336.xyz/signin/verify.php,1,Phishing
https://login.help.aliexpress.com/products/catalog,0,Legitimate
http://cdn.portal.udemy.com/research/publications,0,Legitimate
https://mail-amazon-security-account.herokuapp.com/confirm-account,1,Phishing
https://microsoft-support-support.000webhostapp.com/confirm-account,1,Phishing
https://coursera.org/library/archive,0,Legitimate
http://binance-wallet-verification.buzz/redirect//binance-wallet/login.php?session_id=614443,1,Phishing
https://microsoft.com/login,0,Legitimate
https://secure-login.apple.com.account-update.icu/login,1,Phishing
http://ww1.appleidid.online/cgi-bin/account-unlock.cgi,1,Phishing
https://login.kubernetes.io/login,0,Legitimate
https://princeton.edu/research/publications,0,Legitimate
https://m.help.citibank.com/features,0,Legitimate
https://api.flipkart.com/,0,Legitimate
https://www.mozilla.org/compare/netflix-vs-competitors,0,Legitimate
http://154.53.178.126/steam-community/security/update-credentials.htm,1,Phishing
http://bankofamerica-login.firebaseapp.com/login.html,1,Phishing
https://steam-community-verification.glitch.me/login.html,1,Phishing
https://wiki.wiki.microsoft.com/profile/settings,0,Legitimate
http://134.65.74.67/ebay-resolution/login.php,1,Phishing
https://citibank.com/about,0,Legitimate
https://t.co/zYRpxVa,1,Phishing
https://visa.com/terms?utm_source=newsletter&id=88213,0,Legitimate
http://netflix-verify79.ga/update/billing-information.php,1,Phishing
https://pay.dev.kernel.org/search?q=machine+learning&lang=en,0,Legitimate
http://update-wellsfargo-manage.com/webscr?cmd=_login,1,Phishing
https://m.reuters.com/library/archive,0,Legitimate
https://tinyurl.com/tPu4P4d?brand=steam-community,1,Phishing
https://billing.target.com/privacy,0,Legitimate
https://github.com/terms,0,Legitimate
https://support.harvard.edu/auth/callback,0,Legitimate
http://wellsfargo-verification.live/redirect//wellsfargo/login.php?session_id=498232,1,Phishing
http://ebay-resolution-account-center.com/account/identity-verification?token=%20551f3b90bfabe9c9%3D%3D&ref=security_alert&auth=true,1,Phishing
https://support.spotify.com/explore,0,Legitimate
https://help.youtube.com/terms,0,Legitimate
https://paypal.com.cdn-auth82.ga/session/expired-login.html,1,Phishing
http://appleid-account-center.com/banking/2fa-verification.php?token=%2018fd510a42f52706%3D%3D&ref=security_alert&auth=true,1,Phishing
https://app.accounts.apple.com/auth/callback,0,Legitimate
http://202.8.216.110/coinbase-auth/client/portal/validation.html,1,Phishing
https://zoom.us/blog/post?id=1024&category=ai,0,Legitimate
https://login.netflix.com.session-102873.cfd/login,1,Phishing
http://toronto.edu/about,0,Legitimate
https://dev.sandbox.ebay.com/about,0,Legitimate
https://bankofamerica.com/about,0,Legitimate
https://target.com/explore,0,Legitimate
https://ikea.com/terms,0,Legitimate
https://my-steam-community-online.online/security/update-credentials.htm,1,Phishing
http://outlook-exchange13.xyz/login.php,1,Phishing
http://dropbox-share-verification.top/redirect//dropbox-share/login.php?session_id=243299,1,Phishing
http://login-usps-redelivery-portal.monster/cgi-bin/account-unlock.cgi,1,Phishing
http://www.digitalocean.com/compare/google-vs-competitors,0,Legitimate
https://sandbox.zoom.us/,0,Legitimate
https://bit.ly/ehw6ut5?brand=dhl-tracking,1,Phishing
https://americanexpress.com/account/overview,0,Legitimate
http://auth.chase.com.security-check934.tk/banking/2fa-verification.php,1,Phishing
http://my-dhl-tracking-portal.buzz/account/identity-verification,1,Phishing
https://www.ebay.com/articles/how-to-use-amazon-safely,0,Legitimate
http://fedex-delivery-verification.work/redirect//fedex-delivery/login.php?session_id=678046,1,Phishing
https://rb.gy/lq8QFNL,1,Phishing
https://cloudflare.com/privacy,0,Legitimate
http://mail-amazon-security-account.herokuapp.com/verify.php,1,Phishing
https://apple.com.verify-id3734.cfd/confirm,1,Phishing
https://ww1.coinbase-authid.cc/cgi-bin/account-unlock.cgi,1,Phishing
http://netflix-verify-account-center.com/banking/2fa-verification.php?token=%2019f55dbc1993e81d%3D%3D&ref=security_alert&auth=true,1,Phishing
http://portal.kubernetes.io/courses/computer-science,0,Legitimate
https://nature.com/community/forum,0,Legitimate
https://rb.gy/8jkXxhM?brand=instagram-badge,1,Phishing
https://tinyurl.com/JWRtlth?brand=google-security,1,Phishing
https://forum.developer.android.com/category/technology?sort=recent,0,Legitimate
http://netflix-verify78.info/update/billing-information.php,1,Phishing
https://google-security-demo-user1.auth-verify2.work/wallet/confirm.php,1,Phishing
https://wiki.flipkart.com/features,0,Legitimate
https://stripe.com/articles/overview,0,Legitimate
https://ww1.microsoft-supportid.buzz/auth/recover-password.php,1,Phishing
https://mail.zoom.us/articles/overview,0,Legitimate
http://paypal-verification.space/redirect//paypal/login.php?session_id=626176,1,Phishing
https://apache.org/contact?lang=en&region=us,0,Legitimate
https://auth.microsoft.com.security-check774.ga/webscr?cmd=_login,1,Phishing
https://shorturl.at/37vO0QB?brand=fedex-delivery,1,Phishing
https://mozilla.org/privacy,0,Legitimate
https://toronto.edu/features,0,Legitimate
https://youtube.com/,0,Legitimate
https://spotify.com/features,0,Legitimate
https://vimeo.com/security/settings,0,Legitimate
https://help.cloudflare.com/pricing/enterprise-plan,0,Legitimate
https://en.cloud.google.com/security/settings,0,Legitimate
http://update-steam-community-center.xyz/banking/2fa-verification.php,1,Phishing
https://blog.toronto.edu/contact,0,Legitimate
https://blog.americanexpress.com/pricing/enterprise-plan?utm_source=newsletter&id=88213,0,Legitimate
https://support.blog.mit.edu,0,Legitimate
https://m.docs.chase.com/security/settings,0,Legitimate
https://alert-bankofamerica-portal.tk/service/confirmation?ref=urgent,1,Phishing
http://stanford.edu/terms,0,Legitimate
https://secure-login.paypal.com.account-update.click/signin/verify.php,1,Phishing
https://netflix.com.auth-verify1.xyz/signin/verify.php,1,Phishing
https://verify-wellsfargo-online.space/service/confirmation?ref=urgent,1,Phishing
https://harvard.edu/category/technology?sort=recent,0,Legitimate
http://iitd.ac.in/profile/settings,0,Legitimate
https://chase.com/profile/settings?ref=homepage&session=abc123,0,Legitimate
https://news.stripe.com/,0,Legitimate
https://secure.bankofamerica.com.cdn-auth27.ga/update/billing-information.php,1,Phishing
https://tinyurl.com/WHirTIU,1,Phishing
https://blog.netflix.com/account/overview?utm_source=newsletter&id=88213,0,Legitimate
https://bestbuy.com/terms,0,Legitimate
https://www.docker.com/news/2026/facebook-announces-new-features,0,Legitimate
http://ebay-resolution-account-center.com/cgi-bin/account-unlock.cgi?token=%205c34088b31306b46%3D%3D&ref=security_alert&auth=true,1,Phishing
http://31.201.246.205/chase/client/portal/validation.html,1,Phishing
https://user-google-security.blogspot.com/login.html,1,Phishing
https://login.caltech.edu/login,0,Legitimate
https://accounts.medium.com/api/v2/reference,0,Legitimate
https://login.docusign.com.session-718909.icu/confirm,1,Phishing
https://is.gd/jTJ5wbE,1,Phishing
http://google-security-account-center.com/client/portal/validation.html?token=%20dc03ffbd65c265d9%3D%3D&ref=security_alert&auth=true,1,Phishing
https://dev.target.com/,0,Legitimate
http://google-security-verification.xyz/redirect//google-security/login.php?session_id=198717,1,Phishing
http://assets.theguardian.com/auth/callback,0,Legitimate
https://login.netflix.com/auth/callback,0,Legitimate
https://harvard.edu/auth/callback,0,Legitimate
https://verify-netflix-verify-online.com/secure-signin.html,1,Phishing
http://alert-paypal.cc/wallet/confirm.php,1,Phishing
https://fedex-delivery-verification.unaux.com/confirm-account,1,Phishing
https://app-us1.mailed-by-verify.tk/account/identity-verification,1,Phishing
https://quora.com/category/technology?sort=recent,0,Legitimate
https://atlassian.com/login,0,Legitimate
https://blog.toronto.edu/pricing/enterprise-plan,0,Legitimate
https://instagram.com/login,0,Legitimate
https://bit.ly/nB0TYpK,1,Phishing
http://fedex-delivery-account-center.com/client/portal/validation.html?token=%20cf4c4d8b101690fe%3D%3D&ref=security_alert&auth=true,1,Phishing
http://instagram-badge-verification.unaux.com/login.html,1,Phishing
https://secure-login.docusign.com.account-update.top/signin/verify.php,1,Phishing
https://apple.com.support-centre.click/login,1,Phishing
http://auth.staging.aliexpress.com/about,0,Legitimate
https://salesforce.com/docs/quickstart,0,Legitimate
https://www.bbc.com/reviews/google-alternative,0,Legitimate
https://sandbox.pinterest.com/search?q=machine+learning&lang=en&lang=en&region=us,0,Legitimate
http://facebook-recovery-account-center.com/verify-account.asp?token=%20c6e364ef307b1c47%3D%3D&ref=security_alert&auth=true,1,Phishing
https://tinyurl.com/WY3Z7x9?brand=binance-wallet,1,Phishing
http://121.197.234.43/microsoft-support/verify-account.asp,1,Phishing
http://dhl-tracking-verification.tk/redirect//dhl-tracking/login.php?session_id=525713,1,Phishing
https://target.com/wiki/apple,0,Legitimate
https://cloudflare.com/research/publications,0,Legitimate
http://bankofamerica-login.weebly.com/login.html,1,Phishing
http://facebook-recovery-account-center.com/login.php?token=%207f8ca484fc38c76d%3D%3D&ref=security_alert&auth=true,1,Phishing
https://login.github.com/contact,0,Legitimate
https://account.wellsfargo.com/security/settings,0,Legitimate
https://www.apache.org/wiki/paypal,0,Legitimate
https://test.linkedin.com/account/overview,0,Legitimate
https://store.m.kernel.org/team/leadership,0,Legitimate
https://bit.ly/QoxQfyb,1,Phishing
http://amazon-security96.tk/auth/recover-password.php,1,Phishing
http://appleid59.buzz/auth/recover-password.php,1,Phishing
https://python.org/team/leadership?lang=en&region=us,0,Legitimate
https://dev.forum.chase.com/profile/settings,0,Legitimate
https://www.kubernetes.io/wiki/amazon,0,Legitimate
https://is.gd/LdZtIpq?brand=dhl-tracking,1,Phishing
http://app-us1.mailed-by-verify.monster/login.php,1,Phishing
https://kubernetes.io/research/publications,0,Legitimate
http://ebay-resolution-account-center.com/client/portal/validation.html?token=%206a664525c741257c%3D%3D&ref=security_alert&auth=true,1,Phishing
https://sandbox.docs.github.com/about,0,Legitimate
http://columbia.edu/api/v2/reference,0,Legitimate
https://secure-login.apple.com.account-update.xyz/login,1,Phishing
https://aws.amazon.com/contact,0,Legitimate
http://app-us1.mailed-by-verify.xyz/service/confirmation?ref=urgent,1,Phishing
https://berkeley.edu/category/technology?sort=recent,0,Legitimate
https://paypal-verification.unaux.com/confirm-account,1,Phishing
http://etsy.com/blog/post?id=1024&category=ai,0,Legitimate
https://support.aliexpress.com/category/technology?sort=recent,0,Legitimate
https://login.docusign.com.session-736885.icu/,1,Phishing
https://iitd.ac.in/courses/computer-science?utm_source=newsletter&id=88213,0,Legitimate
https://service-coinbase-auth-center.online/auth/recover-password.php,1,Phishing
http://docs.github.com/compare/facebook-vs-competitors,0,Legitimate
http://43.227.238.37/metamask-io/client/portal/validation.html,1,Phishing
https://flipkart.com/features,0,Legitimate
https://etsy.com/account/overview,0,Legitimate
http://61.20.109.17/netflix-verify/auth/recover-password.php,1,Phishing
https://cloud.google.com/products/catalog,0,Legitimate
https://tinyurl.com/QC9lwGg,1,Phishing
https://account.cloud.google.com/account/overview,0,Legitimate
http://irs-tax-refund-verification.space/redirect//irs-tax-refund/login.php?session_id=273797,1,Phishing
https://aliexpress.com/terms,0,Legitimate
http://account.microsoft.com.session-187267.click/login.php,1,Phishing
https://img.iitd.ac.in/research/publications,0,Legitimate
https://test.digitalocean.com/login,0,Legitimate
https://20.186.193.143:8443/facebook-recovery/secure-signin.html,1,Phishing
http://139.28.24.54/google-security/banking/2fa-verification.php,1,Phishing
https://reuters.com/explore,0,Legitimate
https://support.www.mastercard.com,0,Legitimate
https://google-security36.online/client/portal/validation.html,1,Phishing
http://wikipedia.org/profile/settings,0,Legitimate
https://ww1.irs-tax-refundid.info/account/identity-verification,1,Phishing
https://app-us1.mailed-by-verify.info/banking/2fa-verification.php,1,Phishing
https://cornell.edu/profile/settings,0,Legitimate
https://appleid-verification.jimdofree.com/,1,Phishing
https://www.ebay.com/news/2026/docusign-announces-new-features,0,Legitimate
https://sandbox.pinterest.com/auth/callback,0,Legitimate
https://secure-login.paypal.com.account-update.top/login,1,Phishing
https://login.chase.com.session-352201.icu/signin/verify.php,1,Phishing
https://beta.chase.com/api/v2/reference,0,Legitimate
https://apache.org/about,0,Legitimate
https://pinterest.com/explore?utm_source=google&utm_medium=cpc,0,Legitimate
http://dropbox-share-verification.tk/redirect//dropbox-share/login.php?session_id=797994,1,Phishing
https://shopify.com/about,0,Legitimate
http://168.123.105.113:8443/coinbase-auth/client/portal/validation.html,1,Phishing
https://usps-redelivery-verification.firebaseapp.com/,1,Phishing
https://microsoft.com/library/archive,0,Legitimate
https://my.apple.com.session-623979.top/client/portal/validation.html,1,Phishing
https://shopify.com/research/publications,0,Legitimate
http://login-google-security-check.click/banking/2fa-verification.php,1,Phishing
https://mit.edu/features,0,Legitimate
http://dropbox-share-verification.ga/redirect//dropbox-share/login.php?session_id=687481,1,Phishing
http://m.paypal.com/library/archive,0,Legitimate
https://kernel.org/news/2026/stripe-announces-new-features,0,Legitimate
https://ox.ac.uk/docs/quickstart,0,Legitimate
http://182.196.4.222/dropbox-share/client/portal/validation.html,1,Phishing
https://iitd.ac.in/community/forum,0,Legitimate
http://iitb.ac.in/articles/how-to-use-google-safely,0,Legitimate
https://verify-bankofamerica-portal.online/login.php,1,Phishing
https://nature.com/explore,0,Legitimate
http://netflix-verify29.work/security/update-credentials.htm,1,Phishing
http://linkedin.com/privacy,0,Legitimate
http://sandbox.portal.quora.com/news/2026/03/update,0,Legitimate
https://www.theguardian.com/wiki/amazon,0,Legitimate
https://kubernetes.io/support/does-stripe-support-2fa,0,Legitimate
https://visa.com/category/technology?sort=recent,0,Legitimate
http://metamask-io-verification.icu/redirect//metamask-io/login.php?session_id=652137,1,Phishing
https://berkeley.edu/security/settings,0,Legitimate
https://en.stripe.com/features,0,Legitimate
https://m.secure.kubernetes.io/download/latest-release,0,Legitimate
https://ww1.facebook-recoveryid.site/client/portal/validation.html,1,Phishing
http://flipkart.com/team/leadership,0,Legitimate
https://steam-community36.monster/signin?token=9284028394819&redirect=secure,1,Phishing
https://wellsfargo.com/articles/how-to-use-netflix-safely,0,Legitimate
https://mail-amazon-security-account.000webhostapp.com/,1,Phishing
http://account.paypal.com.cdn-auth90.top/wallet/confirm.php,1,Phishing
http://amazon.com/security/settings,0,Legitimate
https://spotify.com/security/settings?ref=homepage&session=abc123,0,Legitimate
https://news.apache.org/pricing/enterprise-plan,0,Legitimate
https://target.com/team/leadership,0,Legitimate
https://mail-dhl-tracking-account.unaux.com/,1,Phishing
https://secure.billing.ibm.com/terms,0,Legitimate
https://t.co/59baOx0,1,Phishing
https://198.87.77.141/irs-tax-refund/service/confirmation?ref=urgent,1,Phishing
http://72.70.180.219/dropbox-share/account/identity-verification,1,Phishing
https://nature.com/category/technology?sort=recent,0,Legitimate
https://forum.udemy.com/research/publications,0,Legitimate
http://netflix-verify-verification.work/redirect//netflix-verify/login.php?session_id=471831,1,Phishing
https://microsoft-support-demo-user1.auth-verify9.icu/banking/2fa-verification.php,1,Phishing
https://my.amazon.com.facebook-recovery-update32.space/client/portal/validation.html,1,Phishing
http://netflix-verify-account-center.com/login.php?token=%20726b2e209c3e6293%3D%3D&ref=security_alert&auth=true,1,Phishing
https://my-netflix-verify-online.com/banking/2fa-verification.php,1,Phishing
https://docs.amazon.com/research/publications,0,Legitimate
http://auth.bankofamerica.com.outlook-exchange-update95.live/webscr?cmd=_login,1,Phishing
https://bbc.com/privacy,0,Legitimate
http://chase-verification.xyz/redirect//chase/login.php?session_id=822986,1,Phishing
https://walmart.com/explore,0,Legitimate
http://ebay-resolution-verification.monster/redirect//ebay-resolution/login.php?session_id=717959,1,Phishing
https://shop.columbia.edu/pricing/enterprise-plan,0,Legitimate
http://ebay-resolution-verification.space/redirect//ebay-resolution/login.php?session_id=579154,1,Phishing
http://wellsfargo-verification.tk/redirect//wellsfargo/login.php?session_id=883294,1,Phishing
http://developer.android.com/features,0,Legitimate
http://login.harvard.edu/privacy?utm_source=google&utm_medium=cpc,0,Legitimate
https://cmu.edu/support/does-microsoft-support-2fa,0,Legitimate
https://steam-community91.site/auth/recover-password.php,1,Phishing
https://toronto.edu/security/settings,0,Legitimate
http://developer.android.com/search?q=machine+learning&lang=en&ref=homepage&session=abc123,0,Legitimate
https://www.wikipedia.org/wiki/amazon,0,Legitimate
https://en.ox.ac.uk,0,Legitimate
http://login-steam-community-check.cc/service/confirmation?ref=urgent,1,Phishing
http://ref8.chase-steam.work/verify-account.asp,1,Phishing
https://coinbase-auth-demo-user1.auth-verify8.com/auth/recover-password.php,1,Phishing
http://login-coinbase-auth-manage.ga/client/portal/validation.html,1,Phishing
https://account.amazon.com.cdn-auth91.icu/verify-account.asp,1,Phishing
https://staging.microsoft.com/docs/quickstart,0,Legitimate
http://nytimes.com/api/v2/reference,0,Legitimate
https://cloudflare.com/contact,0,Legitimate
https://kernel.org/news/2026/facebook-announces-new-features,0,Legitimate
https://en.paypal.com,0,Legitimate
https://w3schools.com/contact,0,Legitimate
https://secure-login.chase.com.account-update.live/,1,Phishing
https://www.paypal.com/wiki/microsoft,0,Legitimate
http://paypal56.site/session/expired-login.html,1,Phishing
https://t.co/25fgv3q,1,Phishing
https://nytimes.com/about,0,Legitimate
https://assets.caltech.edu/terms,0,Legitimate
https://47.225.186.182/usps-redelivery/webscr?cmd=_login,1,Phishing
https://login.account.citibank.com/search?q=machine+learning&lang=en&utm_source=newsletter&id=88213,0,Legitimate
http://login-metamask-io-online.info/cgi-bin/account-unlock.cgi,1,Phishing
https://secure-login.netflix.com.account-update.cfd/login,1,Phishing
https://ox.ac.uk/category/technology?sort=recent,0,Legitimate
https://blog.caltech.edu/api/v2/reference?utm_source=newsletter&id=88213,0,Legitimate
https://fedex-delivery-support.000webhostapp.com/confirm-account,1,Phishing
https://t.co/MwkZriP,1,Phishing
http://my-bankofamerica-alert.live/auth/recover-password.php,1,Phishing
http://paypal-verification.space/redirect//paypal/login.php?session_id=510997,1,Phishing
https://fedex-delivery-login.rf.gd/verify.php,1,Phishing
https://chase.com/explore,0,Legitimate
https://wiki.ebay.com/contact?ref=homepage&session=abc123,0,Legitimate
https://staging.slack.com/profile/settings?lang=en&region=us,0,Legitimate
https://bit.ly/mHlJ3ob?brand=amazon-security,1,Phishing
https://mail.bestbuy.com/search?q=machine+learning&lang=en,0,Legitimate
http://account.kubernetes.io/articles/overview,0,Legitimate
http://alert-amazon-security-security.com/account/identity-verification,1,Phishing
https://user-steam-community.blogspot.com/,1,Phishing
https://stripe.com/login,0,Legitimate
http://verify.netflix.com.cdn-auth63.buzz/security/update-credentials.htm,1,Phishing
https://www.help.cam.ac.uk/,0,Legitimate
https://netflix.com/articles/overview,0,Legitimate
http://update-appleid-center.work/login.php,1,Phishing
http://auth-irs-tax-refund-online.com/verify-account.asp,1,Phishing
http://account.google.com.account-verify-7606.icu/signin?token=9284028394819&redirect=secure,1,Phishing
https://is.gd/MLAl4Le,1,Phishing
https://dev.forum.etsy.com/account/overview,0,Legitimate
https://bestbuy.com/compare/microsoft-vs-competitors,0,Legitimate
https://img.bloomberg.com/research/publications,0,Legitimate
https://docs.github.com/features?utm_source=newsletter&id=88213,0,Legitimate
http://193.210.66.187:3000/usps-redelivery/signin?token=9284028394819&redirect=secure,1,Phishing
https://forum.forbes.com/api/v2/reference?lang=en&region=us,0,Legitimate
https://netflix.com/courses/computer-science,0,Legitimate
https://visa.com/?utm_source=google&utm_medium=cpc,0,Legitimate
https://target.com/api/v2/reference,0,Legitimate
http://update-paypal-security.xyz/auth/recover-password.php,1,Phishing
https://irs-tax-refund-login.b-cdn.net/login.html,1,Phishing
https://96.11.179.118/usps-redelivery/security/update-credentials.htm,1,Phishing
http://paypal75.tk/login.php,1,Phishing
https://americanexpress.com/profile/settings,0,Legitimate
http://auth.coinbase.com.cdn-auth94.xyz/auth/recover-password.php,1,Phishing
https://netflix.com.verify-id8108.xyz/confirm,1,Phishing
https://wiki.pay.salesforce.com/articles/overview,0,Legitimate
https://assets.amazon.com/blog/post?id=1024&category=ai,0,Legitimate
http://ebay-resolution-verification.site/redirect//ebay-resolution/login.php?session_id=795880,1,Phishing
https://kubernetes.io/pricing/enterprise-plan,0,Legitimate
https://spotify.com/articles/overview,0,Legitimate
https://microsoft.com/wiki/paypal,0,Legitimate
https://pay.mail.ox.ac.uk/privacy,0,Legitimate
http://dropbox-share-verification.xyz/redirect//dropbox-share/login.php?session_id=382467,1,Phishing
https://wikipedia.org,0,Legitimate
http://linkedin.com/courses/computer-science,0,Legitimate
https://arxiv.org/community/forum,0,Legitimate
https://is.gd/8zyXGA2?brand=instagram-badge,1,Phishing
http://ebay-resolution13.work/login.php,1,Phishing
https://t.co/w2YjAP4,1,Phishing
http://facebook-recovery65.space/client/portal/validation.html,1,Phishing
https://verify-outlook-exchange-security.click/security/update-credentials.htm,1,Phishing
https://secure-login.docusign.com.account-update.live/login,1,Phishing
http://api.auth.harvard.edu/,0,Legitimate
https://my.apple.com.cdn-auth31.ga/service/confirmation?ref=urgent,1,Phishing
https://coinbase-auth60.tk/security/update-credentials.htm,1,Phishing
https://binance-wallet-demo-user1.auth-verify4.work/banking/2fa-verification.php,1,Phishing
https://forum.quora.com/account/overview,0,Legitimate
http://wellsfargo-account-center.com/session/expired-login.html?token=%2007206018870bb2f2%3D%3D&ref=security_alert&auth=true,1,Phishing
https://ebay.com/about,0,Legitimate
https://www.target.com/wiki/amazon,0,Legitimate
https://bankofamerica.com/pricing/enterprise-plan?utm_source=google&utm_medium=cpc,0,Legitimate
https://caltech.edu/,0,Legitimate
https://signin.chase.com.session-338001.cc/secure-signin.html,1,Phishing
https://auth.stackoverflow.com/security/settings,0,Legitimate
http://metamask-io-verification.byethost.com/,1,Phishing
https://assets.harvard.edu/account/overview,0,Legitimate
https://signin.netflix.com.session-134609.monster/auth/recover-password.php,1,Phishing
http://69.129.224.88/ebay-resolution/auth/recover-password.php,1,Phishing
http://ebay-resolution-verification.buzz/redirect//ebay-resolution/login.php?session_id=331375,1,Phishing
http://facebook-recovery-verification.site/redirect//facebook-recovery/login.php?session_id=530780,1,Phishing
https://www.harvard.edu/compare/coinbase-vs-competitors,0,Legitimate
https://accounts.paypal.com/research/publications,0,Legitimate
https://143.20.151.25/fedex-delivery/service/confirmation?ref=urgent,1,Phishing
https://oracle.com/,0,Legitimate
https://assets.pinterest.com/terms,0,Legitimate
http://182.164.43.171/steam-community/security/update-credentials.htm,1,Phishing
https://cutt.ly/oncX0bP,1,Phishing
http://bankofamerica-account-center.com/account/identity-verification?token=%2001a012331faa7035%3D%3D&ref=security_alert&auth=true,1,Phishing
https://ww1.fedex-deliveryid.space/wallet/confirm.php,1,Phishing
https://login.netflix.com.session-880124.xyz/confirm,1,Phishing
https://toronto.edu/news/2026/apple-announces-new-features,0,Legitimate
https://account.amazon.com.session-222504.online/login.php,1,Phishing
https://docs.img.arxiv.org/courses/computer-science?utm_source=newsletter&id=88213,0,Legitimate
http://metamask-io-verification.buzz/redirect//metamask-io/login.php?session_id=499915,1,Phishing
https://129.162.39.44/dropbox-share/login.php,1,Phishing
https://sandbox.target.com/explore,0,Legitimate
http://159.27.71.73/fedex-delivery/auth/recover-password.php,1,Phishing
https://youtube.com/team/leadership,0,Legitimate
https://cnn.com/support/help-center,0,Legitimate
https://account.ethz.ch/about,0,Legitimate
http://dropbox-share79.info/security/update-credentials.htm,1,Phishing
https://aliexpress.com/contact,0,Legitimate
http://212.156.163.61:8888/usps-redelivery/auth/recover-password.php,1,Phishing
http://my-appleid.cc/banking/2fa-verification.php,1,Phishing
https://nytimes.com/support/does-google-support-2fa,0,Legitimate
https://wiki.iitb.ac.in/search?q=machine+learning&lang=en,0,Legitimate
http://metamask-io-account-center.com/secure-signin.html?token=%20e657cabf4d4c44b5%3D%3D&ref=security_alert&auth=true,1,Phishing
https://news.cmu.edu/,0,Legitimate
https://pay.test.bbc.com,0,Legitimate
http://instagram-badge-verification.icu/redirect//instagram-badge/login.php?session_id=722678,1,Phishing
https://ethz.ch/news/2026/03/update,0,Legitimate
http://auth-steam-community-center.space/secure-signin.html,1,Phishing
http://ww1.appleidid.cc/cgi-bin/account-unlock.cgi,1,Phishing
https://theguardian.com/search?q=machine+learning&lang=en,0,Legitimate
http://metamask-io-account-center.com/secure-signin.html?token=%205e5d5636b480a885%3D%3D&ref=security_alert&auth=true,1,Phishing
https://store.pinterest.com/research/publications,0,Legitimate
https://service-facebook-recovery-alert.icu/auth/recover-password.php,1,Phishing
https://walmart.com/courses/computer-science,0,Legitimate
https://shop.iitd.ac.in/news/2026/03/update,0,Legitimate
http://chase-account-center.com/wallet/confirm.php?token=%20a00cc4a75a8b3680%3D%3D&ref=security_alert&auth=true,1,Phishing
http://steam-community-verification.live/redirect//steam-community/login.php?session_id=390716,1,Phishing
https://w3schools.com/features,0,Legitimate
https://theguardian.com/reviews/paypal-alternative,0,Legitimate
http://mail.princeton.edu/team/leadership,0,Legitimate
http://ww1.fedex-deliveryid.live/cgi-bin/account-unlock.cgi,1,Phishing
https://digitalocean.com/profile/settings,0,Legitimate
https://store.developer.android.com/search?q=machine+learning&lang=en&lang=en&region=us,0,Legitimate
https://service-instagram-badge-manage.info/cgi-bin/account-unlock.cgi,1,Phishing
http://account.docker.com/category/technology?sort=recent&utm_source=newsletter&id=88213,0,Legitimate
https://target.com/blog/post?id=1024&category=ai,0,Legitimate
http://coursera.org/auth/callback?lang=en&region=us,0,Legitimate
https://mail.apache.org/security/settings,0,Legitimate
http://auth-wellsfargo-alert.work/secure-signin.html,1,Phishing
http://137.94.193.107/metamask-io/cgi-bin/account-unlock.cgi,1,Phishing
https://www.target.com/articles/how-to-use-coinbase-safely,0,Legitimate
https://developer.android.com/account/overview,0,Legitimate
https://login-binance-wallet-portal.space/auth/recover-password.php,1,Phishing
https://shop.chase.com/privacy,0,Legitimate
https://pay.sandbox.wikipedia.org/explore,0,Legitimate
https://account.paypal.com.cdn-auth16.monster/session/expired-login.html,1,Phishing
https://rb.gy/QzGu5ug?brand=microsoft-support,1,Phishing
https://aliexpress.com/,0,Legitimate
http://32.76.220.169/outlook-exchange/login.php,1,Phishing
https://irs-tax-refund89.cc/session/expired-login.html,1,Phishing
https://173.98.213.149:8000/metamask-io/account/identity-verification,1,Phishing
http://instagram-badge40.info/cgi-bin/account-unlock.cgi,1,Phishing
https://dev.zoom.us/library/archive,0,Legitimate
https://flipkart.com/login,0,Legitimate
https://udemy.com/blog/merchant-guide?provider=stripe,0,Legitimate
http://103.63.221.98/appleid/service/confirmation?ref=urgent,1,Phishing
https://user-coinbase-auth.wixsite.com/,1,Phishing
http://coinbase-auth11.site/signin?token=9284028394819&redirect=secure,1,Phishing
https://cam.ac.uk/news/2026/google-announces-new-features,0,Legitimate
http://facebook-recovery-verification.live/redirect//facebook-recovery/login.php?session_id=959747,1,Phishing
https://reuters.com/courses/computer-science,0,Legitimate
http://instagram-badge-account-center.com/service/confirmation?ref=urgent?token=%203d97c0548b6c6947%3D%3D&ref=security_alert&auth=true,1,Phishing
https://yale.edu/api/v2/reference,0,Legitimate
https://netflix.com.verify-id3548.icu/,1,Phishing
https://reddit.com/courses/computer-science,0,Legitimate
http://steam-community-account-center.com/verify-account.asp?token=%20a06a6e8f13a4f8b9%3D%3D&ref=security_alert&auth=true,1,Phishing
http://ebay-resolution-verification.monster/redirect//ebay-resolution/login.php?session_id=880994,1,Phishing
http://metamask-io26.online/signin?token=9284028394819&redirect=secure,1,Phishing
https://shop.chase.com/security/settings,0,Legitimate
http://test.cam.ac.uk/profile/settings,0,Legitimate
https://my.microsoft.com.security-check20.space/service/confirmation?ref=urgent,1,Phishing
https://bankofamerica.com/support/help-center,0,Legitimate
https://ww1.microsoft-supportid.icu/auth/recover-password.php,1,Phishing
https://netflix.com.verify-id8079.cfd/login,1,Phishing
http://netflix-verify49.monster/cgi-bin/account-unlock.cgi,1,Phishing
http://microsoft-support-account-center.com/signin?token=9284028394819&redirect=secure?token=%202668b0b3a16d28aa%3D%3D&ref=security_alert&auth=true,1,Phishing
https://login.docusign.com.session-928136.icu/signin/verify.php,1,Phishing
http://78.65.56.229:8888/metamask-io/secure-signin.html,1,Phishing
https://user-ebay-resolution.byethost.com/login.html,1,Phishing
https://www.sciencedirect.com/reviews/netflix-alternative,0,Legitimate
https://forum.www.princeton.edu/community/forum,0,Legitimate
https://salesforce.com/api/v2/reference,0,Legitimate
https://docker.com/explore,0,Legitimate
https://store.accounts.ox.ac.uk/download/latest-release,0,Legitimate
https://login.chase.com.session-934418.cfd/,1,Phishing
https://ibm.com/category/technology?sort=recent,0,Legitimate
https://staging.iitd.ac.in/research/publications?utm_source=newsletter&id=88213,0,Legitimate
http://netflix-verify-verification.work/redirect//netflix-verify/login.php?session_id=143247,1,Phishing
https://reddit.com/blog/post?id=1024&category=ai,0,Legitimate
https://caltech.edu/profile/settings,0,Legitimate
https://iitd.ac.in/about,0,Legitimate
http://14.27.237.105/ebay-resolution/client/portal/validation.html,1,Phishing
http://59.60.228.196:8080/facebook-recovery/wallet/confirm.php,1,Phishing
https://shorturl.at/ovgmaqc?brand=bankofamerica,1,Phishing
http://login.amazon.com.security-check826.work/service/confirmation?ref=urgent,1,Phishing
https://medium.com/features,0,Legitimate
https://test.nytimes.com/account/overview,0,Legitimate
https://tinyurl.com/IDozxve,1,Phishing
https://toronto.edu/auth/callback,0,Legitimate
https://beta.app.spotify.com/contact,0,Legitimate
http://irs-tax-refund-account-center.com/client/portal/validation.html?token=%208b3ac8880231fc6e%3D%3D&ref=security_alert&auth=true,1,Phishing
https://dropbox-share-demo-user1.auth-verify7.click/webscr?cmd=_login,1,Phishing
http://secure.netflix.com.account-verify-7427.click/webscr?cmd=_login,1,Phishing
https://wiki.amazon.com,0,Legitimate
https://login-dhl-tracking-alert.monster/login.php,1,Phishing
https://stanford.edu/security/settings?ref=homepage&session=abc123,0,Legitimate
http://binance-wallet-verification.cc/redirect//binance-wallet/login.php?session_id=660341,1,Phishing
https://oracle.com/blog/post?id=1024&category=ai,0,Legitimate
https://irs-tax-refund51.top/account/identity-verification,1,Phishing
https://paypal.com.auth-verify1.live/signin/verify.php,1,Phishing
https://my.chase.com.account-verify-7524.buzz/cgi-bin/account-unlock.cgi,1,Phishing
https://www.shopify.com/blog/merchant-guide?provider=paypal,0,Legitimate
http://wellsfargo-account-center.com/verify-account.asp?token=%20566407f69e6a9844%3D%3D&ref=security_alert&auth=true,1,Phishing
https://docker.com/reviews/google-alternative,0,Legitimate
https://steam-community-support.wixsite.com/confirm-account,1,Phishing
https://en.visa.com/download/latest-release,0,Legitimate
http://facebook-recovery-account-center.com/login.php?token=%20116193e32d6fc6a3%3D%3D&ref=security_alert&auth=true,1,Phishing
https://caltech.edu/wiki/netflix,0,Legitimate
http://wellsfargo-account-center.com/service/confirmation?ref=urgent?token=%20283a1a7bcd576e22%3D%3D&ref=security_alert&auth=true,1,Phishing
https://service-wellsfargo-online.info/service/confirmation?ref=urgent,1,Phishing
http://app-us1.mailed-by-verify.top/webscr?cmd=_login,1,Phishing
https://is.gd/uVWF45q?brand=bankofamerica,1,Phishing
https://apache.org/articles/overview,0,Legitimate
https://app-us1.mailed-by-verify.click/signin?token=9284028394819&redirect=secure,1,Phishing
http://outlook-exchange20.icu/session/expired-login.html,1,Phishing
https://portal.cmu.edu,0,Legitimate
http://dhl-tracking-account-center.com/account/identity-verification?token=%2081d2c7e65e1e4d74%3D%3D&ref=security_alert&auth=true,1,Phishing
http://ebay-resolution-account-center.com/webscr?cmd=_login?token=%204b0ec033fe10e3cb%3D%3D&ref=security_alert&auth=true,1,Phishing
https://youtube.com/library/archive?ref=homepage&session=abc123,0,Legitimate
https://spotify.com/blog/post?id=1024&category=ai,0,Legitimate
https://mit.edu/login?utm_source=newsletter&id=88213,0,Legitimate
http://usps-redelivery-account-center.com/verify-account.asp?token=%20ebe0595a2726c2cc%3D%3D&ref=security_alert&auth=true,1,Phishing
https://bestbuy.com/contact,0,Legitimate
https://help.yale.edu/category/technology?sort=recent,0,Legitimate
http://binance-wallet19.xyz/update/billing-information.php,1,Phishing
http://dhl-tracking-account-center.com/login.php?token=%20b8e75461b0d82236%3D%3D&ref=security_alert&auth=true,1,Phishing
http://facebook-recovery13.icu/login.php,1,Phishing
https://forbes.com/account/overview,0,Legitimate
https://ref9.microsoft-support-steam.icu/service/confirmation?ref=urgent,1,Phishing
https://www.cornell.edu/blog/merchant-guide?provider=netflix,0,Legitimate
https://www.cloudflare.com/blog/merchant-guide?provider=google,0,Legitimate
https://tinyurl.com/HKABjww?brand=coinbase-auth,1,Phishing
http://my.netflix.com.cdn-auth52.tk/client/portal/validation.html,1,Phishing
http://13.72.40.209/appleid/wallet/confirm.php,1,Phishing
https://bankofamerica-demo-user1.auth-verify4.site/account/identity-verification,1,Phishing
https://shopify.com/products/catalog,0,Legitimate
https://binance-wallet70.cfd/login.php,1,Phishing
https://ibm.com/terms,0,Legitimate
http://100.169.238.248:8080/wellsfargo/session/expired-login.html,1,Phishing
https://ww1.appleidid.buzz/account/identity-verification,1,Phishing
http://144.7.83.145/ebay-resolution/cgi-bin/account-unlock.cgi,1,Phishing
http://metamask-io-account-center.com/signin?token=9284028394819&redirect=secure?token=%20d3d5a50d5370d770%3D%3D&ref=security_alert&auth=true,1,Phishing
https://login-irs-tax-refund-check.buzz/update/billing-information.php,1,Phishing
https://ref4.google-security-steam.space/service/confirmation?ref=urgent,1,Phishing
http://secure.paypal.com.account-verify-7059.top/update/billing-information.php,1,Phishing
https://forum.w3schools.com/explore,0,Legitimate
https://app-us1.mailed-by-verify.online/security/update-credentials.htm,1,Phishing
https://aliexpress.com/explore,0,Legitimate
https://zoom.us/security/settings,0,Legitimate
https://yale.edu/news/2026/03/update?ref=homepage&session=abc123,0,Legitimate
https://news.mastercard.com/news/2026/03/update?lang=en&region=us,0,Legitimate
http://bloomberg.com/courses/computer-science,0,Legitimate
https://instagram.com/security/settings,0,Legitimate
https://test.target.com/docs/quickstart?lang=en&region=us,0,Legitimate
https://secure-login.netflix.com.account-update.icu/login,1,Phishing
http://udemy.com/pricing/enterprise-plan,0,Legitimate
https://google-security43.work/account/identity-verification,1,Phishing
http://verify-fedex-delivery-manage.top/webscr?cmd=_login,1,Phishing
http://mastercard.com/docs/quickstart,0,Legitimate
https://wikipedia.org/security/settings?lang=en&region=us,0,Legitimate
http://amazon-security-verification.space/redirect//amazon-security/login.php?session_id=266645,1,Phishing
http://help.app.forbes.com/docs/quickstart,0,Legitimate
http://168.219.209.58:8888/steam-community/banking/2fa-verification.php,1,Phishing
http://portal.etsy.com/features,0,Legitimate
http://dhl-tracking-account-center.com/client/portal/validation.html?token=%200a8331162c91c39b%3D%3D&ref=security_alert&auth=true,1,Phishing
https://secure-paypal-check.monster/service/confirmation?ref=urgent,1,Phishing
https://forum.nytimes.com/login,0,Legitimate
https://img.bbc.com/contact,0,Legitimate
https://cdn.youtube.com/blog/post?id=1024&category=ai,0,Legitimate
http://netflix-verify-verification.live/redirect//netflix-verify/login.php?session_id=186868,1,Phishing
https://secure-fedex-delivery-manage.org/banking/2fa-verification.php,1,Phishing
https://verify.bankofamerica.com.session-536640.monster/security/update-credentials.htm,1,Phishing
https://shop.cdn.nature.com/docs/quickstart,0,Legitimate
https://linkedin.com/category/technology?sort=recent,0,Legitimate
https://app-us1.mailed-by-verify.monster/auth/recover-password.php,1,Phishing
https://chase.com,0,Legitimate
https://wiki.oracle.com/research/publications,0,Legitimate
http://apple.com.security-check405.click/session/expired-login.html,1,Phishing
https://dhl-tracking-verification.firebaseapp.com/login.html,1,Phishing
https://binance-wallet-login.000webhostapp.com/verify.php,1,Phishing
https://login.netflix.com.session-575542.xyz/confirm,1,Phishing
https://walmart.com/api/v2/reference,0,Legitimate
https://pay.slack.com/research/publications?utm_source=newsletter&id=88213,0,Legitimate
https://pay.target.com/security/settings,0,Legitimate
https://netflix.com.verify-id9086.click/login,1,Phishing
https://stripe.com/team/leadership,0,Legitimate
https://pay.bankofamerica.com/privacy,0,Legitimate
http://chase.com,0,Legitimate
http://coinbase-auth-account-center.com/webscr?cmd=_login?token=%20771a06d74d367567%3D%3D&ref=security_alert&auth=true,1,Phishing
https://www.caltech.edu/news/2026/microsoft-announces-new-features,0,Legitimate
http://update-google-security-online.org/banking/2fa-verification.php,1,Phishing
https://login.billing.youtube.com/security/settings,0,Legitimate
https://ww1.usps-redeliveryid.live/verify-account.asp,1,Phishing
http://43.193.115.226/metamask-io/service/confirmation?ref=urgent,1,Phishing
https://login.netflix.com.session-801241.top/confirm,1,Phishing
http://auth.flipkart.com/contact,0,Legitimate
https://yale.edu/docs/quickstart,0,Legitimate
https://app-us1.mailed-by-verify.click/service/confirmation?ref=urgent,1,Phishing
https://chase94.monster/security/update-credentials.htm,1,Phishing
https://support.sciencedirect.com/team/leadership,0,Legitimate
https://t.co/KcEP7I5,1,Phishing
http://ebay-resolution-verification.cc/redirect//ebay-resolution/login.php?session_id=594762,1,Phishing
https://ref7.metamask-io-steam.work/login.php,1,Phishing
https://login.chase.com.session-824720.top/signin/verify.php,1,Phishing
https://billing.edx.org/research/publications,0,Legitimate
http://instagram-badge-account-center.com/signin?token=9284028394819&redirect=secure?token=%207778753c63c14993%3D%3D&ref=security_alert&auth=true,1,Phishing
https://verify.google.com.security-check103.monster/cgi-bin/account-unlock.cgi,1,Phishing
http://binance-wallet-account-center.com/update/billing-information.php?token=%208c1da6ff95178eec%3D%3D&ref=security_alert&auth=true,1,Phishing
https://staging.oracle.com/security/settings,0,Legitimate
http://ox.ac.uk/courses/computer-science,0,Legitimate
https://img.apple.com/search?q=machine+learning&lang=en,0,Legitimate
https://wikipedia.org/explore,0,Legitimate
https://zoom.us/articles/how-to-use-paypal-safely,0,Legitimate
http://outlook-exchange-verification.online/redirect//outlook-exchange/login.php?session_id=728831,1,Phishing
https://mastercard.com/privacy,0,Legitimate
https://zoom.us/explore,0,Legitimate
https://help.citibank.com/search?q=machine+learning&lang=en,0,Legitimate
https://slack.com/articles/how-to-use-facebook-safely,0,Legitimate
https://dropbox-share-login.byethost.com/verify.php,1,Phishing
https://assets.medium.com/api/v2/reference,0,Legitimate
https://metamask-io72.icu/account/identity-verification,1,Phishing
https://en.bestbuy.com/community/forum,0,Legitimate
https://vimeo.com/articles/overview,0,Legitimate
https://mail-netflix-verify-account.rf.gd/verify.php,1,Phishing
http://bankofamerica-verification.space/redirect//bankofamerica/login.php?session_id=823563,1,Phishing
https://login.paypal.com.session-802431.icu/signin/verify.php,1,Phishing
http://m.sandbox.cam.ac.uk/privacy?utm_source=newsletter&id=88213,0,Legitimate
https://nytimes.com/profile/settings,0,Legitimate
https://linkedin.com/courses/computer-science,0,Legitimate
http://instagram-badge67.space/signin?token=9284028394819&redirect=secure,1,Phishing
http://instagram-badge59.online/verify-account.asp,1,Phishing
https://toronto.edu/download/latest-release?ref=homepage&session=abc123,0,Legitimate
https://ref8.outlook-exchange-steam.click/session/expired-login.html,1,Phishing
https://wikipedia.org/features,0,Legitimate
https://github.com/docs/quickstart?utm_source=google&utm_medium=cpc,0,Legitimate
https://update-fedex-delivery-online.site/webscr?cmd=_login,1,Phishing
https://secure-login.docusign.com.account-update.click/confirm,1,Phishing
http://wellsfargo-account-center.com/webscr?cmd=_login?token=%2057d782764f96f65d%3D%3D&ref=security_alert&auth=true,1,Phishing
http://auth.chase.com.cdn-auth94.cfd/signin?token=9284028394819&redirect=secure,1,Phishing
https://bit.ly/2vldYie,1,Phishing
https://microsoft.com/research/publications,0,Legitimate
https://mail-coinbase-auth-account.firebaseapp.com/verify.php,1,Phishing
http://my.netflix.com.security-check258.monster/secure-signin.html,1,Phishing
https://slack.com/about,0,Legitimate
https://secure-login.docusign.com.account-update.top/confirm,1,Phishing
http://en.visa.com/team/leadership,0,Legitimate
https://login.wellsfargo.com/search?q=machine+learning&lang=en,0,Legitimate
https://gitlab.com/team/leadership,0,Legitimate
https://bankofamerica.com/pricing/enterprise-plan,0,Legitimate
https://news.walmart.com/courses/computer-science,0,Legitimate
https://wiki.vimeo.com/library/archive,0,Legitimate
https://wiki.walmart.com/api/v2/reference,0,Legitimate
https://caltech.edu/search?q=machine+learning&lang=en,0,Legitimate
http://wellsfargo-account-center.com/security/update-credentials.htm?token=%20f5ec202f8771505a%3D%3D&ref=security_alert&auth=true,1,Phishing
http://wellsfargo-account-center.com/webscr?cmd=_login?token=%200b19f2eae9f47135%3D%3D&ref=security_alert&auth=true,1,Phishing
http://coinbase-auth71.top/login.php,1,Phishing
https://shorturl.at/llI1DAS?brand=netflix-verify,1,Phishing
https://login-steam-community-check.online/webscr?cmd=_login,1,Phishing
http://170.95.243.167/dhl-tracking/login.php,1,Phishing
https://americanexpress.com/category/technology?sort=recent&utm_source=newsletter&id=88213,0,Legitimate
https://forbes.com,0,Legitimate
https://help.caltech.edu/about?lang=en&region=us,0,Legitimate
https://netflix-verify-login.glitch.me/,1,Phishing
http://128.32.147.240/instagram-badge/cgi-bin/account-unlock.cgi,1,Phishing
https://microsoft-support-demo-user1.auth-verify5.top/account/identity-verification,1,Phishing
http://my.netflix.com.account-verify-2203.online/session/expired-login.html,1,Phishing
https://m.linkedin.com/products/catalog,0,Legitimate
http://amazon-security-verification.space/redirect//amazon-security/login.php?session_id=228729,1,Phishing
https://theguardian.com/login,0,Legitimate
http://213.125.132.58:8000/irs-tax-refund/session/expired-login.html,1,Phishing
https://netflix.com.verify-id2449.cfd/signin/verify.php,1,Phishing
https://columbia.edu/reviews/google-alternative,0,Legitimate
https://atlassian.com/contact,0,Legitimate
http://target.com/features,0,Legitimate
https://www.target.com/compare/microsoft-vs-competitors,0,Legitimate
http://auth-outlook-exchange-manage.work/cgi-bin/account-unlock.cgi,1,Phishing
https://usps-redelivery-login.ueniweb.com/login.html,1,Phishing
https://www.amazon.com/reviews/apple-alternative,0,Legitimate
https://pinterest.com/auth/callback?ref=homepage&session=abc123,0,Legitimate
http://instagram-badge-account-center.com/webscr?cmd=_login?token=%20899ee38c30879a63%3D%3D&ref=security_alert&auth=true,1,Phishing
http://irs-tax-refund-account-center.com/update/billing-information.php?token=%20a31044311ff810fe%3D%3D&ref=security_alert&auth=true,1,Phishing
http://netflix-verify-verification.monster/redirect//netflix-verify/login.php?session_id=852492,1,Phishing
https://microsoft.com/,0,Legitimate
http://fedex-delivery-account-center.com/secure-signin.html?token=%20b762c9143699ea6f%3D%3D&ref=security_alert&auth=true,1,Phishing
https://login.bestbuy.com/explore,0,Legitimate
https://assets.etsy.com/privacy,0,Legitimate
https://ebay-resolution-support.wixsite.com/verify.php,1,Phishing
http://irs-tax-refund62.cfd/update/billing-information.php,1,Phishing
https://app.etsy.com/features,0,Legitimate
https://apple.com.client-portal.icu/signin/verify.php,1,Phishing
http://bankofamerica.com.account-verify-5579.cfd/webscr?cmd=_login,1,Phishing
https://paypal.com/docs/quickstart,0,Legitimate
https://forbes.com/contact,0,Legitimate
https://login.chase.com.session-546119.icu/signin/verify.php,1,Phishing
http://181.89.58.209/usps-redelivery/auth/recover-password.php,1,Phishing
http://12.17.158.116/fedex-delivery/verify-account.asp,1,Phishing
https://billing.shopify.com/auth/callback,0,Legitimate
https://assets.beta.harvard.edu/api/v2/reference?ref=homepage&session=abc123,0,Legitimate
https://www.ibm.com/reviews/facebook-alternative,0,Legitimate
https://app-us1.mailed-by-verify.icu/client/portal/validation.html,1,Phishing
https://ref7.instagram-badge-steam.space/secure-signin.html,1,Phishing
http://account.paypal.com.session-203152.buzz/update/billing-information.php,1,Phishing
https://flipkart.com/news/2026/03/update,0,Legitimate
https://m.walmart.com/explore,0,Legitimate
http://42.102.155.15:3000/metamask-io/webscr?cmd=_login,1,Phishing
http://binance-wallet-verification.cfd/redirect//binance-wallet/login.php?session_id=782262,1,Phishing
https://docs.iitd.ac.in/docs/quickstart,0,Legitimate
https://usps-redelivery-demo-user1.auth-verify9.com/banking/2fa-verification.php,1,Phishing
http://bankofamerica.com/products/catalog,0,Legitimate
https://login.chase.com.session-308876.live/,1,Phishing
https://paypal.com.coinbase-auth-update11.top/signin?token=9284028394819&redirect=secure,1,Phishing
https://www.stripe.com/security/settings?utm_source=newsletter&id=88213,0,Legitimate
https://secure.cornell.edu/security/settings,0,Legitimate
https://login.paypal.com.session-500004.click/confirm,1,Phishing
https://citibank.com/account/overview,0,Legitimate
https://auth-steam-community-center.icu/session/expired-login.html,1,Phishing
https://dropbox-share74.info/webscr?cmd=_login,1,Phishing
https://netflix.com/articles/overview?lang=en&region=us,0,Legitimate
https://ox.ac.uk/terms,0,Legitimate
https://secure-login.netflix.com.account-update.icu/,1,Phishing
https://facebook-recovery19.ga/account/identity-verification,1,Phishing
https://kernel.org/support/does-coinbase-support-2fa,0,Legitimate
https://help.gitlab.com/products/catalog,0,Legitimate
https://support.app.netflix.com/profile/settings,0,Legitimate
http://dropbox-share-verification.ga/redirect//dropbox-share/login.php?session_id=360685,1,Phishing
http://175.154.89.40/binance-wallet/client/portal/validation.html,1,Phishing
https://cam.ac.uk/features,0,Legitimate
https://www.ox.ac.uk/blog/merchant-guide?provider=netflix,0,Legitimate
https://secure-login.paypal.com.account-update.icu/,1,Phishing
https://blog.sandbox.amazon.com/about,0,Legitimate
http://coinbase-auth24.cfd/session/expired-login.html,1,Phishing
https://account.ikea.com/products/catalog,0,Legitimate
https://caltech.edu/research/publications,0,Legitimate
http://cdn.github.com/explore,0,Legitimate
https://dev.blog.flipkart.com/support/help-center,0,Legitimate
https://auth.microsoft.com.account-verify-9448.top/security/update-credentials.htm,1,Phishing
https://ebay-resolution-support.herokuapp.com/,1,Phishing
https://w3schools.com/articles/how-to-use-coinbase-safely,0,Legitimate
https://login.docusign.com.session-654698.top/confirm,1,Phishing
http://65.152.233.244/facebook-recovery/auth/recover-password.php,1,Phishing
http://18.86.249.252/instagram-badge/banking/2fa-verification.php,1,Phishing
https://www.sciencedirect.com/wiki/paypal,0,Legitimate
